0191fc31fa7173f48686fb0589e5b781	Angebote
0191fc31fa7c708d9ad60cfb08f9cf08	Schlüsseltresore > Schlüsselbox > Schlüsseltresore > Schlüsselbox
0191fc31fa837269827d22eb3447e5db	Sicherheitskassetten > Sicherheitskassetten > Schlüsselbox > Sicherheitskassetten > Schlüsselbox
0191fc31fa8f72fb847945bbb102519a	Sicherheitskassetten > Sicherheitskassetten > Sicherheitskassetten
0191fc31fa93729f8b0e306c58431c4b	Zubehör > Fahrzeugsicherung > Befestigungstechnik > Sonstiges Zubehör
0191fc31fa9d73b3b9e44c88a1b0b73a	Fahrzeugsicherung > Sonstiges Zubehör
0191fc31faa371d59364a47d0ed7738c	Zubehör > Fahrzeugsicherung > Befestigungstechnik
0191fc31faa571f9a75faf4b6bb97a6e	Zubehör
0191fc31faa872dd98977b9beab7a14d	Zubehör
0191fc31faaa70d0ab3a160176e547b0	Angebote
0191fc31faaf72e79712da53e8a9a9a4	Zubehör > Fahrzeugsicherung
0191fc31fab2719b9634720cae596e72	Zubehör > Fahrzeugsicherung
0191fc31fab472f2a48fa491d83f8535	Zubehör > Sonstiges Zubehör
0191fc31fab7703390acce9862f9c325	Sonstiges Zubehör
0191fc31faba71edbf121ac0b1f5a480	Zubehör > Fahrzeugsicherung
0191fc31fabc73c0a06e3cbb480a7f7b	Zubehör > Sonstiges Zubehör
0191fc31fabf7384b87c845706a080db	Zubehör > Fahrzeugsicherung
0191fc31fac172d2b5928a8b58592f78	Angebote
0191fc31fac47219995e3f401a03d853	Zubehör > Sonstiges Zubehör
0191fc31fac7736aaa14be8ffadd89e7	Zubehör > Befestigungstechnik > Sonstiges Zubehör
0191fc31faca7109978636c78993db8f	Zubehör > Sonstiges Zubehör
0191fc31facc7022b3426835770662e1	Zweiradschlösser > Zubehör
0191fc31facf72c592a2612ea8183414	Zubehör > Sonstiges Zubehör
0191fc31fad17308a2320660813463df	E-Scooter-Schloss > Motorradschloss > Fahrzeugsicherung > Kettenschloss
0191fc31fada72c29cf80ae1ae146f18	Kabelschloss
0191fc31fadd7303a95e2894c7d00c14	Zusatzsicherungen für Tür und Fenster > Absperrtechnik
0191fc31fae070029b9d88cd10d92e69	Motorradschloss
0191fc31fae671a0af260e73f06d9820	Bügelschloss
0191fc31fae97054940f1ff85ed45622	Bügelschloss
0191fc31faef739ea3dcbfad8ff20056	Kettenschloss
0191fc31faf173fa952aa5c8785ddc6b	Bügelschloss
0191fc31faf373c6ab15bc2cb60afb7f	Bügelschloss
0191fc31faf770c2997651db0d5b8232	Kabelschloss
0191fc31fafb73b9b99c76c458e8dfd9	Kabelschloss
0191fc31fafd712f881026f610cc0798	Kabelschloss
0191fc31faff70a6942e37e9df0b7652	Kabelschloss
0191fc31fb017083a4edd85590d0b62b	Kabelschloss
0191fc31fb0371afb5c55a1596d2e6bf	Kabelschloss
0191fc31fb057367af60ed2cf684e739	Kabelschloss
0191fc31fb077332acfb428b98093b6d	Kabelschloss
0191fc31fb0972598901c451f9015257	Kettenschloss
0191fc31fb0b737ab62e208361b034e9	Kettenschloss
0191fc31fb0e7015aff0855401af201c	Kettenschloss
0191fc31fb10720d8d6eece8d74e43c0	Kettenschloss
0191fc31fb1572d4aafb07aa370928ea	Kettenschloss
0191fc31fb1871938a472df707effbda	Kettenschloss
0191fc31fb1c71b29bf8baa871a60e35	Kabelschloss
0191fc31fb2e722aa6d74359f9fdb386	Hangschlösser > Vorhangschlösser
0191fc31fb3273da911c1939d443a678	Hangschlösser > Vorhangschlösser
0191fc31fb34714ba0f809c2b2eb524f	Hangschlösser > Vorhangschlösser
0191fc31fb3672ee88278b80b27c2ee2	Hangschlösser > Vorhangschlösser
0191fc31fb37711fbfc4745569f69f45	Hangschlösser > Vorhangschlösser
0191fc31fb39718d8a78b6a8834bdd7b	Hangschlösser > Vorhangschlösser
0191fc31fb3b73e9940745aac9487aaf	Hangschlösser > Vorhangschlösser
0191fc31fb3d727d87503d7564e0dd0c	Hangschlösser > Vorhangschlösser
0191fc31fb3f7337bf52db76d548cd06	Hangschlösser > Vorhangschlösser
0191fc31fb4372338d3389bd1c1cbda1	Hangschlösser > Vorhangschlösser
0191fc31fb457205b0c33c07ee598cf6	Hangschlösser > Vorhangschlösser
0191fc31fb4771428722b1407aa9e675	Hangschlösser > Vorhangschlösser
0191fc31fb4973058462ea45cdc6fd74	Hangschlösser > Vorhangschlösser
0191fc31fb4b700c963ba4d3df7a7913	Hangschlösser > Vorhangschlösser
0191fc31fb4d72f2898e2c667b03b1a3	Hangschlösser > Vorhangschlösser
0191fc31fb5071afa62e37911775e197	Hangschlösser > Vorhangschlösser
0191fc31fb5270dcaa4e5177eed0432d	Hangschlösser > Vorhangschlösser
0191fc31fb55717f85cdaddffa1e5685	Hangschlösser > Vorhangschlösser
0191fc31fb577261828d5b4850be3f28	Hangschlösser > Vorhangschlösser
0191fc31fb5973e8a693f950a21bddb4	Hangschlösser > Vorhangschlösser
0191fc31fb5b72549a1fa147b2f55a7c	Hangschlösser > Vorhangschlösser
0191fc31fb5d73e3808e79f353cf1b50	Hangschlösser > Vorhangschlösser
0191fc31fb5f72fcae7158fe70a6dab9	Hangschlösser > Vorhangschlösser
0191fc31fb6170d2a7161c1a676d183f	Hangschlösser > Vorhangschlösser
0191fc31fb6573c3a6d0144a8d3f3571	Hangschlösser > Vorhangschlösser
0191fc31fb6772a881c5fe85ce3498e8	Hangschlösser > Vorhangschlösser
0191fc31fb6973f3b353d8555381110f	Hangschlösser > Vorhangschlösser
0191fc31fb6b7245a6e1ac6332260737	Hangschlösser > Vorhangschlösser
0191fc31fb6d70f3aa3bab6059f9167b	Hangschlösser > Vorhangschlösser
0191fc31fb6f73c2b5406d8c9135df8f	Hangschlösser > Vorhangschlösser
0191fc31fb71730bb3c477fc47c3c2fe	Hangschlösser > Vorhangschlösser
0191fc31fb7373f393099b32f14ba89e	Hangschlösser > Vorhangschlösser
0191fc31fb75715fb4592187213e1c3e	Hangschlösser > Vorhangschlösser
0191fc31fb777182b38da4daa2114792	Hangschlösser > Vorhangschlösser
0191fc31fb79723eb4ec4d5fc1ae519a	Hangschlösser > Vorhangschlösser
0191fc31fb7b725eb360753d17de4f00	Hangschlösser > Vorhangschlösser
0191fc31fb817116aa02b83e8c598e8d	Hangschlösser > Vorhangschlösser
0191fc31fb8372f085bacad0bf116125	Hangschlösser > Vorhangschlösser
0191fc31fb8571168067f29af88547a3	Hangschlösser > Vorhangschlösser
0191fc31fb8a731281cfdb40bb7144b8	Hangschlösser > Vorhangschlösser
0191fc31fb8d7226ab080ed68e2281d5	Hangschlösser > Vorhangschlösser
0191fc31fb8f734191efff1303f0ca49	Hangschlösser > Vorhangschlösser
0191fc31fb9170c6814c9c0a29f8f1c6	Hangschlösser > Vorhangschlösser
0191fc31fb94733c89ef9c107f0d38b5	Hangschlösser > Vorhangschlösser
0191fc31fb967050b4ef67fdff785982	Hangschlösser > Vorhangschlösser
0191fc31fb9871abad7f838570a6d9ce	Hangschlösser > Vorhangschlösser
0191fc31fb9c73948683e24f92acdbad	Hangschlösser > Vorhangschlösser
0191fc31fb9e73eeb06773de4fba125d	Zubehör > Sonstiges Zubehör
0191fc31fba070d18aa4d3e7eb2e59b8	Zubehör > Sonstiges Zubehör
0191fc31fba270a7aa8a2444f29e4b85	Hangschlösser > Vorhangschlösser
0191fc31fba471539d9c4e58c7a2c204	Hangschlösser > Vorhangschlösser
0191fc31fba67068b90a8a391bf15a09	Hangschlösser > Vorhangschlösser
0191fc31fba8725cb839ed92bdaf5378	Hangschlösser > Vorhangschlösser
0191fc31fbaa713bbd06d19c1d5e6d85	Hangschlösser > Vorhangschlösser
0191fc31fbac71b194f0191bf285373c	Zubehör > Sonstiges Zubehör
0191fc31fbae717a9165db32173a715a	Hangschlösser > Vorhangschlösser
0191fc31fbb07195b32ed339b822fd2d	Hangschlösser > Vorhangschlösser
0191fc31fbb27288bb28a03ac1b62d29	Hangschlösser > Vorhangschlösser
0191fc31fbb471f3b5963abc1fefb7f3	Hangschlösser > Vorhangschlösser
0191fc31fbb6731f9a4ccf15c596c4e0	Hangschlösser > Vorhangschlösser
0191fc31fbb872c4b45d1c2b449c89d3	Zubehör > Sonstiges Zubehör
0191fc31fbba70668b1fa57c830c7686	Hangschlösser > Vorhangschlösser
0191fc31fbc072dda1a45d203008baeb	Überfallen
0191fc31fbc27256b005c3889d77eac3	Überfallen
0191fc31fbc67364b0bf54fd5dff074c	Zusatzschlösser > Überfallen
0191fc31fbca71a6acb67bb8e775bdd6	Türöffner
0191fc31fbce70ba9d3d7912a7387204	Türöffner
0191fc31fbd0736fb4e7d1fdcbeda7a3	Türöffner
0191fc31fbd3715097f34e540eb2249c	Türöffner
0191fc31fbd570cd9e9b11f6d1b5b542	Zimmertürbeschläge
0191fc31fbd97329baffe32b9aa55a3e	Zimmertürbeschläge
0191fc31fbe171f0b9febeafa2316927	Hangschlösser > Vorhangschlösser
0191fc31fbe3701c8fc768d2e21beb7d	Schutzbeschläge
0191fc31fbe573b9ae7fd4c75db43b90	Schutzbeschläge
0191fc31fbf173bba11021ed4e7efc4c	Schutzbeschläge
0191fc31fbf871d2a456ace535c8d472	Schutzbeschläge
0191fc31fbfb739d92e4e9a167d148ef	Schutzbeschläge
0191fc31fbfe701fbdd5fee9e7648417	Schutzbeschläge
0191fc31fc0073fab3ebf38fd5d3a463	Hangschlösser > Vorhangschlösser
0191fc31fc03734da4f9ba7fa6faeb2a	Reparatureinsteckschlösser
0191fc31fc077080912352e88bba4558	Sicherheitskassetten > weitere Geldkassetten > Sicherheitskassetten > Sicherheitskassetten
0191fc31fc0c72c99edbea06e3f748f4	Schlüsselschränke > Schlüsselbox > Schlüsselbox
0191fc31fc10703e9c1e224237448122	Schlüsselschränke > Schlüsselbox
0191fc31fc14726e9b69c580ff59b7ea	Schlüsselschränke > Schlüsselschränke
0191fc31fc16713eb350a4748814181f	Sicherheitskassetten > Sicherheitskassetten > Dokumentensafes > Sicherheitskassetten
0191fc31fc1a71c6ba2093d0cf1eef0a	Schlüsseltresore > Geschäftstresore > Dokumentensafes > Schlüsseltresore
0191fc31fc1d7045b0cd367097e5ab8c	Schlüsseltresore > Geschäftstresore > Dokumentensafes > Schlüsseltresore
0191fc31fc207178ae3742b0aaa98012	Schlüsseltresore > Geschäftstresore > Dokumentensafes > Schlüsseltresore
0191fc31fc2673ba9951d073fe798a08	Zusatzsicherungen für Tür und Fenster > Panzerriegel
0191fc31fc2c70589e0745028a6a1bc7	Hangschlösser > Vorhangschlösser
0191fc31fc337026af0cf6152fe6c9e5	Hangschlösser > Vorhangschlösser
0191fc31fc3771f293b48a6cfd6c4832	Zimmertüreinsteckschlösser
0191fc31fc3b702a99a8f5f4347397ae	Rohrrahmenschlösser
0191fc31fc3e71ef8f27abf5f120c265	Rohrrahmenschlösser
0191fc31fc4170a18e8cfe0f2098e54b	Rohrrahmenschlösser
0191fc31fc44736abe527f8abcd567cc	Hangschlösser > Vorhangschlösser
0191fc31fc467135af9bc9ff6e5ab457	Sicherheitskassetten > weitere Geldkassetten > Sicherheitskassetten > Sicherheitskassetten
0191fc31fc4c72cf8f30b3126f26a8c0	Absperrtechnik
0191fc31fc6171b7a5e3c2fc4650328e	Sicherheitskassetten > Sicherheitskassetten > Schlüsselschränke
0191fc31fc6271639bb92b58b914f28a	Doppelzylinder > Halbzylinder
0191fc31fc6a73259f7e2b500d3628cd	Doppelzylinder > Knaufzylinder
0191fc31fc71714d9a695360829031da	Doppelzylinder
0191fc31fc777365ae38c8509f28045f	Doppelzylinder > Knaufzylinder
0191fc31fc7b71549b21c245269be147	Doppelzylinder > Doppelzylinder
0191fc31fc8470eb8a867211b5fae897	Doppelzylinder > Halbzylinder
0191fc31fc8b7077bba1953cade472be	Doppelzylinder > Knaufzylinder
0191fc31fc94710ba93eb9ca3c4a6fd9	Fluchtwegsicherung
0191fc31fc9c702696f769761c391239	Schließbleche
0191fc31fca472ba9d12f7ce75068c76	Türfeststeller
0191fc31fca87343b72836fb54f5f738	Pflege & Reinigung
0191fc31fcb173a99e1e844a01d7483f	Einbausicherungen
0191fc31fcc873659c5e0dbeb6e9668c	Schiebetüreinsteckschlösser
0191fc31fcf3704a91c9624475a91f9b	Schiebetüreinsteckschlösser
0191fc31fcf57184a784eb76052391fa	Schiebetüreinsteckschlösser
0191fc31fd177159afceb19af7644403	Zubehör > Spione
0191fc31fd2a7394874082566acc8f20	Feuerschutzbeschläge
0191fc31fd2e73f4af21db13a49148e0	Feuerschutzbeschläge
0191fc31fd31735989fce3f6b763dcb0	Feuerschutzbeschläge
0191fc31fd34727c842a1d831fd200ed	Feuerschutzbeschläge
0191fc31fd367027922df5f332b59242	Türfeststeller
0191fc31fd3d73f7aa95fbdb341d1efb	Türschließer > GEZE Türschließer
0191fc31fd437028ade1ce45ea7af81a	Riegeleinsteckschlösser
0191fc31fd4771aab48208f8d12f3a3c	Riegeleinsteckschlösser
0191fc31fd63705993f7c8afdc09e71d	Objektschlösser
0191fc31fd6872f6930d31315159eeb8	Objektschlösser
0191fc31fd6c70519fec107a2b1e302c	Objektschlösser
0191fc31fd70721f904a4e407e7acc9d	Objektschlösser
0191fc31fd7972b1b80f5831e7d16ef4	Rohrrahmenschlösser
0191fc31fd7e72afb3d064db2dd89acd	Rohrrahmenschlösser
0191fc31fd8171499fbaa542d8ff6cd7	Rohrrahmenschlösser
0191fc31fd86720f86738627c3bd6eca	Rohrrahmenschlösser
0191fc31fd8d73c9a3a14ffa28b341ef	Riegeleinsteckschlösser
0191fc31fd90701d9e76e544df25feb0	Riegeleinsteckschlösser
0191fc31fd9271e4b320a7c301e43b00	Riegeleinsteckschlösser
0191fc31fd9673c39357d75c1c9e6061	Riegeleinsteckschlösser
0191fc31fdb271b5865aa4febc080cd0	Zimmertürgarnitur
0191fc31fdb571158e9963c8f467f899	Zimmertürgarnitur
0191fc31fdb770b187a0ee008683aa5e	Zimmertürgarnitur
0191fc31fdb8710e8a8efc07bdad414c	Zimmertürgarnitur
0191fc31fdba7336ae22454bf7891aef	Zimmertürgarnitur
0191fc31fdbc736c95942cba1e0adb23	Zimmertürgarnitur
0191fc31fdbe70b1ab6ee13f5d8be4b2	Zimmertürgarnitur
0191fc31fdc0703fb96f4c72781e53a5	Zimmertürgarnitur
0191fc31fdc271bfa28c570eea08132d	Zimmertürgarnitur
0191fc31fdc37375b76323dcc3dda610	Zimmertürgarnitur
0191fc31fdc6714dae27802d68dee5d2	Zimmertürgarnitur
0191fc31fddc70d898bcd3c4f6e708aa	Türschließer
0191fc31fde170ba96cf7518ef29fcd7	Türschließer
0191fc31fde3736f9aefcf96fc2c8ca5	Türschließer
0191fc31fde670f4a73e0469c4baf512	Türschließer > GEZE Türschließer > Obentürschließer
0191fc31fde97120a9d4acecd1823f44	Türschließer > GEZE Türschließer
0191fc31fded738d85378d34ffba7734	Türschließer > GEZE Türschließer > Obentürschließer
0191fc31fdf07009a7e0f2242d354640	Türschließer > GEZE Türschließer > Obentürschließer
0191fc31fdf870eb99ea0a9049067f19	Türschließer > GEZE Türschließer
0191fc31fdfa712fa3f3405d7b276e15	Türschließer
0191fc31fdfd70e39d4a497c234d9560	Türschließer
0191fc31fdfe7068b7c87e5caa728556	Türschließer
0191fc31fe007096af0900b97af4600d	Türschließer
0191fc31fe0472a69fd8f09ff0b40e07	Zubehör > Türschließer
0191fc31fe067352aac2486988c358c6	Zubehör > Türschließer
0191fc31fe0772d281975d0ecdb48234	Zubehör > Türschließer
0191fc31fe09710eaf35f356fe95ef36	Zubehör > Türschließer
0191fc31fe0a731bb2691b578adfaa2d	Zubehör > Türschließer > GEZE Türschließer
0191fc31fe0c736097d4bce1cd0b0f9b	Zubehör > Türschließer > GEZE Türschließer
0191fc31fe1571b6bad75f7fda3629fe	Türfeststeller
0191fc31fe1872248fda1f8080ca0f92	Zubehör > Türfeststeller
0191fc31fe1a721690bfee9f2cfabff7	Türfeststeller
0191fc31fe2b72fc933751512396aa42	Schlüsselschränke > Schlüsselschränke
0191fc31fe2d71cc9d76900f15d7801a	Schlüsselschränke > Schlüsselschränke
0191fc31fe2f7295ac2f89362d35f646	Schlüsselschränke > Schlüsseltresor Außenbereich
0191fc31fe3771e3b88222e9fdebdeae	Briefkästen
0191fc31fe3b72109b36266490c63435	Briefkästen
0191fc31fe4a7054bb05dcc38460e715	Zubehör > Sonstiges Zubehör
0191fc31fe4c73e3831789b9e6d40d83	Zubehör > Sonstiges Zubehör
0191fc31fe4f711d8dff44557533da3f	Sonstiges Zubehör
0191fc31fe5370aea6b6361ad564f320	Zubehör
0191fc31fe5673a699b51a12a0cded0e	Zubehör > Sonstiges Zubehör
0191fc31fe5a70b9a9ff432108bcefac	Zusatzschlösser
0191fc31fe6271859ea36d1388e3884a	Schutzbeschläge
0191fc31fe64717bbb9d11d11a0ba0b8	Schutzbeschläge
0191fc31fe6972a589efc0ba8db0d985	Riegeleinsteckschlösser
0191fc31fe6e73b29612c80ca63b1d9a	Riegeleinsteckschlösser
0191fc31fe7070b2a9c9da33acd99db5	Riegeleinsteckschlösser
0191fc31fe74729c825f6526b366d94e	Angebote
0191fc31fe8373b6bf8edefefa56ffd8	Zimmertürbeschläge
0191fc31fe867165a7d08dc24a1b1022	Zubehör > Vierkantstifte
0191fc31fe8870088e9a379a0cc426f8	Zubehör > Vierkantstifte
0191fc31fe8a72fe8e9029c8468d19cd	Zubehör > Vierkantstifte
0191fc31fe8d7312a5c726578ade05f3	Zubehör > Vierkantstifte
0191fc31fe8f714db0dc86e08089d10a	Zubehör > Vierkantstifte
0191fc31fe91736398e08e7fa8a882d7	Zubehör > Vierkantstifte
0191fc31fe937119b36c5b6a42245999	Zubehör > Vierkantstifte
0191fc31fe9571c48b79d54f5256606a	Zubehör > Vierkantstifte
0191fc31fea973619afb39cd55d60ea2	Individuelle Schliessanlagen
0191fc31feab7381a9b39ca3b3f018f9	Individuelle Schliessanlagen
0191fc31fead71ecacdebf61d7d924ef	Individuelle Schliessanlagen
0191fc31feaf726da2658cb2fcad75aa	Kettenschloss
0191fc31feb373248056e5f466365009	Kettenschloss
0191fc31feb572babe58bb5a6cf6da9c	Kettenschloss
0191fc31feb870a88cf46a6ebc3255ba	Individuelle Schliessanlagen
0191fc31feba719a9551316297cfd02e	Individuelle Schliessanlagen
0191fc31febc70d38b74a1d6f380b151	Individuelle Schliessanlagen
0191fc31febe70249966a5ca1479c4fc	Türschließer
0191fc31fec0709d92161f4bfe6bf3b1	Zubehör > Türschließer
0191fc31fec2707e8908902270a7427e	Individuelle Schliessanlagen
0191fc31fec472c8badc053559bd016b	Sicherheitskassetten > Sicherheitskassetten > Geschäftstresore > Sicherheitskassetten
0191fc31fec973c7aa23de6527f0b685	Fenstergriffe
0191fc31fecd7042b6175cdc91f3f090	Angebote > Vorhangschlösser
0191fc31fed07372827b2dbe4e35e96d	Individuelle Schliessanlagen
0191fc31fed473fd95cc89c0334311c9	Individuelle Schliessanlagen
0191fc31fed67121ac0ee62f71b7cd4e	Angebote
0191fc31fedb714f8efd3cb08957bb74	Individuelle Schliessanlagen
0191fc31fedd73518a4ca79f63b40d57	Individuelle Schliessanlagen
0191fc31fedf71ff896e7a7f1cb19161	Individuelle Schliessanlagen
0191fc31fee170a8a660b859cda6605c	Glastüreinsteckschlösser
0191fc31fee473938d0376451f80ee87	Glastüreinsteckschlösser
0191fc31fee770ad9774b8eb02a76269	Panikschlösser
0191fc31feeb709b817d5b2ad55e1681	Riegeleinsteckschlösser
0191fc31feee70f6a6247865ad7c3722	Riegeleinsteckschlösser
0191fc31fef0731c9a3833dbd7e28a1b	Zimmertürgarnitur
0191fc31fef171c2a8f8055fb7a7d3f4	Zimmertürgarnitur
0191fc31fef8735d8a906580db794fdd	Individuelle Schliessanlagen
0191fc31fefa7287a87c7306f3b846cc	Individuelle Schliessanlagen
0191fc31fefc7106bf3a3643b561e408	Individuelle Schliessanlagen
0191fc31fefe732f8375eb91cc9f9028	Individuelle Schliessanlagen
0191fc31ff0073b68ca2444bc8234dc2	Individuelle Schliessanlagen
0191fc31ff027092b3d9c408a51a06c2	Individuelle Schliessanlagen
0191fc31ff0472ef91ea5c754abf46ae	Individuelle Schliessanlagen
0191fc31ff0673c583da9329aa39842c	Individuelle Schliessanlagen
0191fc31ff0873bcbdcc86ec8254ff54	Individuelle Schliessanlagen
0191fc31ff0a7163a00adf0546c263e8	Individuelle Schliessanlagen
0191fc31ff0c719aa74776d07cf3c784	Individuelle Schliessanlagen
0191fc31ff0e728481102297182f30cf	Individuelle Schliessanlagen
0191fc31ff10713e91c875569af746b5	Individuelle Schliessanlagen
0191fc31ff127263831c2f6855b8b3c4	Individuelle Schliessanlagen
0191fc31ff1473e4b050bf259df15a91	Individuelle Schliessanlagen
0191fc31ff1673e1af979947e9484db6	Individuelle Schliessanlagen
0191fc31ff187137b5a07047896e931c	Individuelle Schliessanlagen
0191fc31ff1a7305ac2e5cf426b22d8f	Individuelle Schliessanlagen
0191fc31ff1d73eebc768fd013d7b267	Individuelle Schliessanlagen
0191fc31ff1f737b9b95522f4b1d9d4f	Individuelle Schliessanlagen
0191fc31ff2171989cbf578e7eef1619	elektronische Profilzylinder
0191fc31ff2673139ac72cda0a55a9e9	Individuelle Schliessanlagen
0191fc31ff2872b48b2de78dcaab1310	Individuelle Schliessanlagen
0191fc31ff2a71e9ad2aa5e26a22ae0b	Individuelle Schliessanlagen
0191fc31ff2c70f8bdd30c0537e20c1a	Individuelle Schliessanlagen
0191fc31ff2e7315aaa55b37fb4fc827	Individuelle Schliessanlagen
0191fc31ff307057ae0e3480efd15937	Individuelle Schliessanlagen
0191fc31ff3270429ff042a65cdb66bd	Individuelle Schliessanlagen
0191fc31ff34728ea9c6e3c1dc9f7ef6	Individuelle Schliessanlagen
0191fc31ff35728d9e27ff1370be2e70	Individuelle Schliessanlagen
0191fc31ff3773838f59d940b7cf0dff	Individuelle Schliessanlagen
0191fc31ff39731b93aa3cfa0a8fd723	Individuelle Schliessanlagen
0191fc31ff3b72858203f9fb29993d16	Individuelle Schliessanlagen
0191fc31ff3d71b0af2ad6d07e8ba4f6	Individuelle Schliessanlagen
0191fc31ff3f7379b3abb2d90a376f04	Individuelle Schliessanlagen
0191fc31ff417114a982cf7c5283466d	Individuelle Schliessanlagen
0191fc31ff437197a85ab048d7c0083a	Individuelle Schliessanlagen
0191fc31ff45714fb1920dbf952b4e6c	Individuelle Schliessanlagen
0191fc31ff4771c098c10abbb6b19825	Individuelle Schliessanlagen
0191fc31ff4971df96bd6d692248959a	Individuelle Schliessanlagen
0191fc31ff4b737ea77bdc5466a30c37	Individuelle Schliessanlagen
0191fc31ff4d7326b84b30435c024879	Individuelle Schliessanlagen
0191fc31ff4f71a8a98eab5060003143	Schlüsseltresore > Schlüsselbox > Schlüsseltresore > Schlüsseltresor Außenbereich > Schlüsselbox
0191fc31ff5572dca15359cc0a7c9c1e	Doppelzylinder > Doppelzylinder
0191fc31ff5b733b9d01d183fddf5c9d	digitale Profilzylinder > Aktiv-Technologie > Doppelzylinder
0191fc31ff6471618f2d7ad494112106	digitale Profilzylinder > Aktiv-Technologie
0191fc31ff687107b508a57f9c06622c	digitale Profilzylinder > Aktiv-Technologie > Halbzylinder
0191fc31ff6c72c89c377d8650fdec29	digitale Profilzylinder > Aktiv-Technologie
0191fc31ff74714dbf668f2e12030633	Aktiv-Technologie
0191fc31ff7673ffa1eccb83253a9551	Aktiv-Technologie
0191fc31ff787334b042dbf102ccac1e	digitale Profilzylinder > Aktiv-Technologie
0191fc31ff7f7367908cdba849bbbc34	E-Scooter-Schloss > Motorradschloss > Befestigungstechnik > Kettenschloss
0191fc31ff8270d4b380f75c97f9b498	E-Scooter-Schloss > Motorradschloss > Befestigungstechnik > Kettenschloss
0191fc31ff8673219e496dd747ba6207	E-Scooter-Schloss > Motorradschloss > Befestigungstechnik > Kettenschloss
0191fc31ff89717b8fefeefbd640bff4	E-Scooter-Schloss > Motorradschloss > Befestigungstechnik > Kettenschloss
0191fc31ff927300bafb4bc9df77c7bb	Vorhangschlösser > Containerschlösser
0191fc31ff95736698ab33f7e7ac8eea	Türschließer > Türöffner > GEZE Türschließer
0191fc31ff9873659cfa2d4ace54ef9e	Sonstiges Zubehör > Türschließer > Türöffner
0191fc31ff9b7005843ee35062c483d8	Türschließer > Türöffner > GEZE Türschließer
0191fc31ff9e73528d6bfa10dabc0ffa	Sonstiges Zubehör > Türschließer > Türöffner
0191fc31ffa071a9bbf857fa5a8fc3e6	Sonstiges Zubehör > Türschließer > Türöffner
0191fc31ffa1727fb937ac74a1164c05	Sonstiges Zubehör > Türschließer > Türöffner
0191fc31ffa3702d9df0f4e7adef974d	Sonstiges Zubehör > Türschließer > Türöffner
0191fc31ffa5715eba3f9e829146ddfc	Türschließer > Türöffner > GEZE Türschließer
0191fc31ffa873f6996d462a8e18c72a	Türschließer > Türöffner > GEZE Türschließer
0191fc31ffad725cac9d2dc7a5991e78	Panzerriegel
0191fc31ffb173848d52ea62f2221aed	Panzerriegel
0191fc31ffb373bca54e829df7163e8e	Individuelle Schliessanlagen
0191fc31ffb571c39461f4a63f65fd35	Individuelle Schliessanlagen
0191fc31ffc07178ad289cc08d882f61	Individuelle Schliessanlagen
0191fc31ffc271598386cf9706a5b907	Individuelle Schliessanlagen
0191fc31ffc472b0a367e79d85bd4b77	Individuelle Schliessanlagen
0191fc31ffc67304aa183e82f88046f2	Individuelle Schliessanlagen
0191fc31ffc872d1ae0b52bf816a53b4	Individuelle Schliessanlagen
0191fc31ffca7228aefd681050f0b0f5	Individuelle Schliessanlagen
0191fc31ffcc70b697b5cd96c82b7922	Individuelle Schliessanlagen
0191fc31ffcf729a8c5f11ef4176d8f4	Individuelle Schliessanlagen
0191fc31ffd170b69a004ae636bf0bfe	Individuelle Schliessanlagen
0191fc31ffd371f9b6c4a8d0747343cc	Pflege & Reinigung
0191fc31ffd5721d95ee7ba17415eb54	Individuelle Schliessanlagen
0191fc31ffd77391b96a99a80235a109	Individuelle Schliessanlagen
0191fc31ffd971b1b4c2616f126a3f9e	Individuelle Schliessanlagen
0191fc31ffdb7070a42cc6b23f6a6c62	Individuelle Schliessanlagen
0191fc31ffdd71a7a81b8d5f848281c2	Zimmertürgarnitur > Zimmertürbeschläge
0191fc31ffe07322a8cfcb05dc39400f	Zimmertürgarnitur > Zimmertürbeschläge
0191fc31ffe3730996929e095480019c	Zimmertürgarnitur > Zimmertürbeschläge
0191fc31ffe57033844d4b9d84cd0022	Beleuchtung
0191fc31ffeb71bdb3b330ebc78223eb	Beleuchtung
0191fc31fff170e0a96483b5eeb59ecd	Individuelle Schliessanlagen
0191fc31fff47029b80889c300f6a6bb	Sonstiges Zubehör > Zimmertürgarnitur > Zimmertürbeschläge
0191fc31fff6703cbc5d4eb9c4b7b334	Sonstiges Zubehör > Zimmertürgarnitur > Zimmertürbeschläge
0191fc31fff9739aa9ccecfa60b9e8b0	Sonstiges Zubehör > Zimmertürgarnitur > Zimmertürbeschläge
0191fc31fffc71d9b1567f615e18a7a6	Sonstiges Zubehör > Zimmertürgarnitur > Zimmertürbeschläge
0191fc31ffff70989489635fe09874af	Sonstiges Zubehör > Zimmertürgarnitur > Zimmertürbeschläge
0191fc32000173be8f9f155cc455e6a1	Individuelle Schliessanlagen
0191fc32000370cc9b4c43a37cca8fc5	Individuelle Schliessanlagen
0191fc3200057184a1111c1204c3e590	Individuelle Schliessanlagen
0191fc320007733194d3ee78a8a2757d	Schlüsseltresore > Schlüsselbox > Schlüsseltresore > Schlüsseltresor Außenbereich > Schlüsselbox
0191fc3200107125888dd292084496b8	Schlüsseltresore > Schlüsselbox > Schlüsseltresore > Schlüsseltresor Außenbereich > Schlüsselbox
0191fc320018734a96770d7fc60bd89a	Individuelle Schliessanlagen
0191fc32001a73a88f2f5bab2f387e60	Individuelle Schliessanlagen
0191fc32001c7093afdbd6065aaee5ee	Individuelle Schliessanlagen
0191fc32001e713193b31416dda310d9	Individuelle Schliessanlagen
0191fc32002173bfb27cbca219d8626d	Individuelle Schliessanlagen
0191fc32002373ae92be8a89f9e52d56	Individuelle Schliessanlagen
0191fc320025715f8ef9431c701c797b	Individuelle Schliessanlagen
0191fc32002770368cebd736367c7bf5	Individuelle Schliessanlagen
0191fc32002973c8969e3f42fec541a2	Individuelle Schliessanlagen
0191fc32002b714e882e34a5adcd4974	Individuelle Schliessanlagen
0191fc32002d7209abf2a151634f8f15	Individuelle Schliessanlagen
0191fc32002f70c2979a8541d4f27bc3	Individuelle Schliessanlagen
0191fc3200317271825f35dbf0c17a26	Individuelle Schliessanlagen
0191fc32003371cf8bc1acfb250292fe	Sonstiges Zubehör
0191fc320038720688165a6e349747c0	Individuelle Schliessanlagen
0191fc32003a7211a3e7e3abd82f9e08	Individuelle Schliessanlagen
0191fc32003c719c856dd67d32c23329	Individuelle Schliessanlagen
0191fc32003e7124b23112a83c354789	Silca
0191fc320041732890ee093d8f4639d9	Silca
0191fc320044723d93e5e2ff5fab8b55	Silca
0191fc3200467382a61490d85eacf107	Silca
0191fc320048734290af5d0ab72d840b	Silca
0191fc32004a710abdcda903317dbdd6	Silca
0191fc32004c733390f9420500e63b65	Individuelle Schliessanlagen
0191fc32004e73d0910375ccd704bdc1	Individuelle Schliessanlagen
0191fc320050734b85ae0206aef11ae5	Individuelle Schliessanlagen
0191fc32005273cd8365dee24e3d5989	Individuelle Schliessanlagen
0191fc320055733086ea487ea1f835a1	Individuelle Schliessanlagen
0191fc320057724ea10bb135152aa13c	Individuelle Schliessanlagen
0191fc32005972cf8f65e81522826ffc	Individuelle Schliessanlagen
0191fc32005e715dba6a0edf990b333b	Individuelle Schliessanlagen
0191fc32006073b6acfe2dd2cf5cfea0	Individuelle Schliessanlagen
0191fc32006271e397c0e50ecb3ca195	Individuelle Schliessanlagen
0191fc32006472d1b6409a6c5df6f004	Individuelle Schliessanlagen
0191fc32006772c18fc719c6b5975541	Sonstiges Zubehör
0191fc32006971deb9d49feefad38ed1	Silca
0191fc32006b7243b41ea676532966b3	Silca
0191fc32006d71b8bf9744eca9146b0b	Silca
0191fc32006f72e98ade987e2e11e431	Silca
0191fc32007173d1a78d3794d5a3864c	Individuelle Schliessanlagen
0191fc320079701d9fdb8bb15120d70e	Programmiergeräte
0191fc32007b70e3b873a300ed28ccb0	Zubehör
0191fc32007e736bb613882f779873cc	Individuelle Schliessanlagen
0191fc320080732e9b2dcf37c1f15ffa	Individuelle Schliessanlagen
0191fc32008273db81c7bdc2fe0fd85f	Individuelle Schliessanlagen
0191fc32008470dfa50c2faa65ba255d	Individuelle Schliessanlagen
0191fc32008672af9d41e32071d6514c	Individuelle Schliessanlagen
0191fc3200887010a21e1b27fa50fd4f	Individuelle Schliessanlagen
0191fc32008a71f598b333878626bdfb	Individuelle Schliessanlagen
0191fc32008c73f491c199aa15aa40b0	Individuelle Schliessanlagen
0191fc32008e71d69eb266a4b4202e36	Individuelle Schliessanlagen
0191fc32009171c79d814b22e4da2fbf	Individuelle Schliessanlagen
0191fc3200937133983090745cbab677	Individuelle Schliessanlagen
0191fc3200957083a9da263e91a1958d	Individuelle Schliessanlagen
0191fc32009773b78f52cc8c21894a78	Individuelle Schliessanlagen
0191fc320099726e9cb79b787e461363	Individuelle Schliessanlagen
0191fc32009b71c78f66daca875281e6	Individuelle Schliessanlagen
0191fc32009d72d0953b9da243706dff	Individuelle Schliessanlagen
0191fc32009f73988091e01872282ce0	Individuelle Schliessanlagen
0191fc3200a173d4a76acf01c7c39ebc	Individuelle Schliessanlagen
0191fc3200a372ba9d16cb3a17045bc1	Individuelle Schliessanlagen
0191fc3200a5718aa1bc6de3c9601517	Individuelle Schliessanlagen
0191fc3200a7702ea140c4b10f6f71f2	Individuelle Schliessanlagen
0191fc3200a971d5b35df37d681b53b4	Individuelle Schliessanlagen
0191fc3200ab71b38bd7213c905367d6	Individuelle Schliessanlagen
0191fc3200ad70418c84bd188b727bd4	Individuelle Schliessanlagen
0191fc3200af70738e518e4e6e59d6e5	Individuelle Schliessanlagen
0191fc3200b173e08befd8a4e3b7cd17	Individuelle Schliessanlagen
0191fc3200b3714396320d7d9f9976b3	Individuelle Schliessanlagen
0191fc3200b571c189a038e37c2c8b5a	Individuelle Schliessanlagen
0191fc3200b872b48c224a172897bd88	Individuelle Schliessanlagen
0191fc3200ba72d7a139259351dcc57e	Individuelle Schliessanlagen
0191fc3200bc708782d86272f8568809	Individuelle Schliessanlagen
0191fc3200bd71c48b3bd1adef0cc362	Individuelle Schliessanlagen
0191fc3200c07280b444c4f0731fe48d	Individuelle Schliessanlagen
0191fc3200c2725ca766a7974321797a	Individuelle Schliessanlagen
0191fc3200c47228866c2d1be9817f90	Individuelle Schliessanlagen
0191fc3200c673ba8838bbd1a1206e55	Individuelle Schliessanlagen
0191fc3200c870788ccb7055c6ff1e06	Individuelle Schliessanlagen
0191fc3200ca710dacf2721c873e39c0	Individuelle Schliessanlagen
0191fc3200cc7023a4cf727eaf7e4308	Individuelle Schliessanlagen
0191fc3200ce721b864e42081ab52822	Individuelle Schliessanlagen
0191fc3200d0712b978d7448ef35c560	Individuelle Schliessanlagen
0191fc3200d272128001f9a2110d4c3b	Individuelle Schliessanlagen
0191fc3200d471299f41037841ef2128	Individuelle Schliessanlagen
0191fc3200d671569af445daf2e40110	Sicherheitskassetten > Feuerfeste Geldkassetten > Sicherheitskassetten > Dokumentensafes > Sicherheitskassetten
0191fc3200d9706285ec8139f5399e6e	Individuelle Schliessanlagen
0191fc3200db71639c8041bd288505ff	Individuelle Schliessanlagen
0191fc3200dd72669c50575332513fb9	Individuelle Schliessanlagen
0191fc3200e0708585d17e0b85df01ea	Individuelle Schliessanlagen
0191fc3200e2711a8525e6a98e746637	Individuelle Schliessanlagen
0191fc3200e671008b1fa71aa3d66c44	Individuelle Schliessanlagen
0191fc3200e87328865e9d4037b45088	Individuelle Schliessanlagen
0191fc3200ea716a8cc98eed5ad217e2	Individuelle Schliessanlagen
0191fc3200ec72038ccd77445f59c359	Individuelle Schliessanlagen
0191fc3200ee71c894df4bd24d56c0f9	Individuelle Schliessanlagen
0191fc3200f071ab9305a663340c6ea3	Individuelle Schliessanlagen
0191fc3200f2708ba85d313183822504	Individuelle Schliessanlagen
0191fc3200f473599be1cf96fec75b31	Individuelle Schliessanlagen
0191fc3200f672f3935a8d3a4d05b67f	Individuelle Schliessanlagen
0191fc3200f8739bb9cd1294fe9ae3a2	Individuelle Schliessanlagen
0191fc3200fa707d9c2588aef4698dcf	Individuelle Schliessanlagen
0191fc3200fc72b79999981361688981	Individuelle Schliessanlagen
0191fc3200fe7399bae1b094fa11c7a6	Individuelle Schliessanlagen
0191fc3201007019b8485feea9f03c20	Individuelle Schliessanlagen
0191fc32010273cdabc76294e6c30c2d	Individuelle Schliessanlagen
0191fc320104733690f60ce7b6dde7e1	Individuelle Schliessanlagen
0191fc320106701abafb7094c7ac63e0	Individuelle Schliessanlagen
0191fc3201087009bf953163d25943ee	Individuelle Schliessanlagen
0191fc32010c70bea7c22a5fb9eaf0fb	Individuelle Schliessanlagen
0191fc32010e7151af00fc76591ec014	Winkhaus blueCompact > digitale Profilzylinder > elektronische Profilzylinder
0191fc32011170e280d3e9031671e57f	Individuelle Schliessanlagen
0191fc320113731c84d6742b3097df01	Nachschlüssel > Winkhaus blueCompact > digitale Profilzylinder
0191fc3201157049846e786c55e51b0b	Winkhaus blueCompact > digitale Profilzylinder
0191fc32011a73b2994f199a4520ecbe	Winkhaus blueCompact > digitale Profilzylinder
0191fc32011f71ebb316d184672d9aa7	Winkhaus blueCompact > digitale Profilzylinder
0191fc320123739d98628e59327f1b54	Individuelle Schliessanlagen
0191fc3201257289be9ea7b4b4d21549	digitale Profilzylinder > MobileKey
0191fc32012870a89370c88d6e801059	digitale Profilzylinder > MobileKey
0191fc32012a701aa4d79bc08f8329ca	digitale Profilzylinder > MobileKey
0191fc32012c717aa8eb6e9b2689beaa	Individuelle Schliessanlagen
0191fc32012e72858d930bac67a86b6f	SimonsVoss Transponder > MobileKey
0191fc32013172ee8a8d0d2889c14a86	digitale Profilzylinder > MobileKey
0191fc32013572e0a2f7bebad8e238d3	digitale Profilzylinder > MobileKey > Aktiv-Technologie
0191fc320137707badd23edac32f9dde	Individuelle Schliessanlagen
0191fc3201397197b6ebcf1133221277	Individuelle Schliessanlagen
0191fc32013b711bbed610ca7511f541	Individuelle Schliessanlagen
0191fc32013d7192bda1a7e1465b93d4	Individuelle Schliessanlagen
0191fc32013f72fe86caff2aac3305ce	Individuelle Schliessanlagen
0191fc32014272b9bbdd82a6ff557690	Individuelle Schliessanlagen
0191fc320144719aad37c02313d135a0	Individuelle Schliessanlagen
0191fc32014673b99af13474d4e666cd	Individuelle Schliessanlagen
0191fc32014873ad8c426730d166142e	MobileKey
0191fc32014a70058fdea29a6a64bc4a	digitale Profilzylinder > MobileKey > Aktiv-Technologie
0191fc32014c7320adac48fd18c67c04	Individuelle Schliessanlagen
0191fc32014e70a4b9306c1324baa88f	Individuelle Schliessanlagen
0191fc3201507216bf88bd1c08521a44	Individuelle Schliessanlagen
0191fc320152714ca3977f2ebac5e4aa	Individuelle Schliessanlagen
0191fc32015473c9951e8ef73ffd9229	Individuelle Schliessanlagen
0191fc320156719db55a4618e669182a	Individuelle Schliessanlagen
0191fc32015872f789d2922bda15147a	MobileKey > Aktiv-Technologie
0191fc32015a7099a4ee606df8bb74de	MobileKey > Aktiv-Technologie
0191fc32015c7292b92087c1500ad1df	Individuelle Schliessanlagen
0191fc32015e73f6a81fa564eb6742e2	MobileKey > Aktiv-Technologie
0191fc3201627265b77003c05bd75394	MobileKey > Aktiv-Technologie
0191fc32016470bbad0cae7aeb399c70	MobileKey > Aktiv-Technologie
0191fc32016673d2831de52f9ca9829a	Individuelle Schliessanlagen
0191fc32016870efac891b487e1ac431	Vorhangschlösser > MobileKey > Aktiv-Technologie
0191fc32016e728a8342beadb819509b	Individuelle Schliessanlagen
0191fc320170705693ae5a47cebaa247	Individuelle Schliessanlagen
0191fc3201727176bdc18ba8cdb461e3	Salto Transponder
0191fc320174700f9954dfdc45514e64	Individuelle Schliessanlagen
0191fc3201767115a37665b91306bbb8	Individuelle Schliessanlagen
0191fc320178722c812bacf50e499573	Individuelle Schliessanlagen
0191fc32017a736bb0a1180cc8645dd2	Individuelle Schliessanlagen
0191fc32017c7377810994b97dae0b02	Individuelle Schliessanlagen
0191fc32017e73bd83f663a10dfe66c3	Individuelle Schliessanlagen
0191fc32018072868ce5ad6413314c66	Individuelle Schliessanlagen
0191fc32018273e4af52c054fcb78630	Individuelle Schliessanlagen
0191fc320184718086ed36e49c06186f	Individuelle Schliessanlagen
0191fc320186707682d5305804ed62ad	Individuelle Schliessanlagen
0191fc320188722b9fa4dba1b185136d	Individuelle Schliessanlagen
0191fc32018a723fa2928255519df9c1	Individuelle Schliessanlagen
0191fc32018c735eb3dd20e85d53217f	Individuelle Schliessanlagen
0191fc32018e73298baf375b732ecfdf	Individuelle Schliessanlagen
0191fc320190733dacf7a4d7ee6b579f	Individuelle Schliessanlagen
0191fc32019271dd812bc4082597f2c1	Individuelle Schliessanlagen
0191fc32019470888d58c5f176d9d953	Individuelle Schliessanlagen
0191fc32019670e386287ee24f4588c9	Winkhaus blueCompact > digitale Profilzylinder
0191fc32019f705889c11e5ed50d9544	Individuelle Schliessanlagen
0191fc3201a27253b15497d2cd663b09	Individuelle Schliessanlagen
0191fc3201a470fc9af4f1f9c786b8dc	Individuelle Schliessanlagen
0191fc3201a6708397bf897ae7020abe	Individuelle Schliessanlagen
0191fc3201a97108980d514cece7599d	Individuelle Schliessanlagen
0191fc3201ac72b7843b8cc87f5afa5f	Individuelle Schliessanlagen
0191fc3201ae72aa95e82ccdbf88e09e	Individuelle Schliessanlagen
0191fc3201b1736f94bb3eded6f80af8	Individuelle Schliessanlagen
0191fc3201b37242af27711bb5db55d3	Individuelle Schliessanlagen
0191fc3201b57192938f3de7c268d4e2	Individuelle Schliessanlagen
0191fc3201b772c98c43c8e93852554b	Individuelle Schliessanlagen
0191fc3201b973c884b47231f8527bd1	Individuelle Schliessanlagen
0191fc3201bb718fa97cb07add103cf2	Kettenschloss > Beleuchtung
0191fc3201c373e1867aa4fec3ee0c05	Individuelle Schliessanlagen
0191fc3201c571449b7abbefc640b939	Individuelle Schliessanlagen
0191fc3201c7709eb7ecaa5411fa7ea8	Wandtresore > Schlüsseltresore > Schlüsselschränke > Geschäftstresore > Dokumentensafes > Schlüsseltresore > Schlüsselschränke
0191fc3201cc728bb18389063b10e49e	Winkhaus blueCompact > digitale Profilzylinder
0191fc3201d071ec918ae1f4685a79d6	Winkhaus blueCompact > Vorhangschlösser
0191fc3201d37205bc9523ecc6349c4a	Individuelle Schliessanlagen
0191fc3201d57322aee1e87d0ecb8e26	Individuelle Schliessanlagen
0191fc3201d77156833eb6e4e1e01ac4	Individuelle Schliessanlagen
0191fc3201d970f2a3b40e17b2cdadbe	Individuelle Schliessanlagen
0191fc3201db702dbe0004495ac2fccc	Individuelle Schliessanlagen
0191fc3201dd716a9ba9cbd41a317ebb	Individuelle Schliessanlagen
0191fc3201e0730499d763cc9000e326	Individuelle Schliessanlagen
0191fc3201e371dea3c6c462f1ffbb5a	Individuelle Schliessanlagen
0191fc3201e57394b0dc136b8b1a99fb	Individuelle Schliessanlagen
0191fc3201e773b6b0d9abc25a27a397	Individuelle Schliessanlagen
0191fc3201e9728d871f0ca3c18a2759	Individuelle Schliessanlagen
0191fc3201ec7316868413c2d0f6bac7	Individuelle Schliessanlagen
0191fc3201ee7041a0d3dc9347228cd4	Individuelle Schliessanlagen
0191fc3201f071b58f622df34c96995f	Individuelle Schliessanlagen
0191fc3201f273889e787a0eba384d25	Sonstiges Zubehör > Zimmertüreinsteckschlösser > Reparatureinsteckschlösser > Haustüreinsteckschlösser
0191fc3201f67174bd03bb3a10121c8d	Individuelle Schliessanlagen
0191fc3201f8704baa4dfe88acbac0ab	Individuelle Schliessanlagen
0191fc3201f9726f8306522f791b34f5	Individuelle Schliessanlagen
0191fc3201fb739eb91a4e610e2b1e92	Individuelle Schliessanlagen
0191fc3201fd707ba4d3b90a4ff7f371	Individuelle Schliessanlagen
0191fc3201ff70f69a19541f3e5550bc	Individuelle Schliessanlagen
0191fc320201712ba9507fffb9e679f7	Individuelle Schliessanlagen
0191fc32020370b4a780e314d9d591f6	Individuelle Schliessanlagen
0191fc32020572ab80c515226f0c4ec1	Individuelle Schliessanlagen
0191fc32020771e9a14afbc748642ea9	Individuelle Schliessanlagen
0191fc32020971d08e388bb3332ee41a	Individuelle Schliessanlagen
0191fc32020b72ba8dd76ca50f7ce88c	Individuelle Schliessanlagen
0191fc32020d71cba2ac2d6e741e12b6	Individuelle Schliessanlagen
0191fc32020f7197861198b8df9efa8a	Individuelle Schliessanlagen
0191fc3202117261b615dc8e50ae28e6	digitale Profilzylinder > Passive Smart Card-Technologie
0191fc3202137140bdb1e8091f64a1b7	digitale Profilzylinder > Passive Smart Card-Technologie
0191fc32021570d1a17264e211a22607	SimonsVoss Transponder
0191fc32021773099e064aec8b551540	Individuelle Schliessanlagen
0191fc32021971af995c17b5c7aa95f2	Individuelle Schliessanlagen
0191fc32021b732f86a3f289a86c0241	Individuelle Schliessanlagen
0191fc32021d72c9af9d7fc12800a9ee	Individuelle Schliessanlagen
0191fc32021f7200b9755218315ec60c	Individuelle Schliessanlagen
0191fc320221703da21954789a4f095d	Individuelle Schliessanlagen
0191fc3202237157ae617c8d98c1fb0c	Individuelle Schliessanlagen
0191fc32022571b0ac8f1483bdc71413	Individuelle Schliessanlagen
0191fc320228730da860cd8e5d1fdc03	Individuelle Schliessanlagen
0191fc32022b73ba8937a2eda89a8909	Individuelle Schliessanlagen
0191fc32022d71c995e7e28c176974fb	Individuelle Schliessanlagen
0191fc32023073ef80cdf2439cb8bb9d	Individuelle Schliessanlagen
0191fc320232729fbcbe2d80d691e315	digitale Profilzylinder > Passive Smart Card-Technologie
0191fc32023670da84e1cae2398dcd14	Individuelle Schliessanlagen
0191fc3202397030930f0ea6b5e1b6c9	Passive Smart Card-Technologie
0191fc32023c721a9d3aedf5f392317e	Individuelle Schliessanlagen
0191fc32023e7139b834fa2b2e139648	Individuelle Schliessanlagen
0191fc320241719395caf500ff6f1584	Individuelle Schliessanlagen
0191fc320244732fb570bcf1ccc00ca8	Individuelle Schliessanlagen
0191fc320246737e86ca379c569163e9	Individuelle Schliessanlagen
0191fc3202497130b19286fe02c30e5b	Individuelle Schliessanlagen
0191fc32024c71d394d24c0aba2c0c57	Objektbeschläge > Passive Smart Card-Technologie
0191fc320250732ab722d29c645d2249	Individuelle Schliessanlagen
0191fc32025372d18397d254c7428148	Individuelle Schliessanlagen
0191fc32025572338f8232ffff6b429a	digitale Profilzylinder > Knaufzylinder
0191fc32025a7388955d5a3b3b59c3b4	SimonsVoss Transponder > Aktiv-Technologie
0191fc32025d72119752c0e3745ef5bd	Halbzylinder
0191fc3202617345b0abcb4c5e38a56e	Individuelle Schliessanlagen
0191fc32026373ac80ffde73a95d65f7	Individuelle Schliessanlagen
0191fc32026672f986e4948c688d0d71	Individuelle Schliessanlagen
0191fc320269733b84c2e3ab9a903ead	Individuelle Schliessanlagen
0191fc32026c726f84e4998eee92fe29	Individuelle Schliessanlagen
0191fc32026e72908d7dd5d221b094f4	Beschläge
0191fc3202747317ae0f759d4b0b14be	Beschläge
0191fc32027773fdb41013f21c67759c	Individuelle Schliessanlagen
0191fc32027a723cbe39850fc0455e96	Beschläge
0191fc32027d70bbab5f2379f7b9f7b0	Beschläge
0191fc320280725c827a24098ae977d8	Zubehör
0191fc3202847275b36a562f17b9c995	Individuelle Schliessanlagen
0191fc32028773cdb1ce69801c08204c	Individuelle Schliessanlagen
0191fc32028a7121aba19c9e95c82f4d	Individuelle Schliessanlagen
0191fc32028c7196b8fc52f6160cb2c8	Beschläge
0191fc32028f722ea3e0a65ab0e01484	Beschläge
0191fc3202937180b3710c2d602cef36	Individuelle Schliessanlagen
0191fc32029571f880bd9b7907d82cd8	Individuelle Schliessanlagen
0191fc320297723b8bef33da83f40055	Beschläge
0191fc32029a735f8812bf2260a35ffb	Beschläge
0191fc32029c72b199c084c5e2cc5288	Beschläge
0191fc32029e728fa23335e1817bcb3b	Individuelle Schliessanlagen
0191fc3202a173a3b6d671576a4ab661	Individuelle Schliessanlagen
0191fc3202a373ca8acbd111ceb8848a	Individuelle Schliessanlagen
0191fc3202a570c88493be27c7ec9a27	Knaufzylinder
0191fc3202a7708ba1d01a36aa164f97	Individuelle Schliessanlagen
0191fc3202aa70989fd8d8a6c163ebab	Individuelle Schliessanlagen
0191fc3202ac7319bbdad908257ef08a	Individuelle Schliessanlagen
0191fc3202ae7307a5c3b9fb5f5d602d	Individuelle Schliessanlagen
0191fc3202b073799f327d9a7c454280	Individuelle Schliessanlagen
0191fc3202b270c19eb0826c0a09465d	Individuelle Schliessanlagen
0191fc3202b472a0a70750d9ca108ce2	Doppelzylinder
0191fc3202b771b4be3e516c4dd738c9	Beschläge
0191fc3202ba7316aaf033fe7670d00c	Individuelle Schliessanlagen
0191fc3202bc733d8688bcf01e382955	Individuelle Schliessanlagen
0191fc3202be71df86d9cb20069a1c55	Individuelle Schliessanlagen
0191fc3202c07241a101805bc62a4e69	Individuelle Schliessanlagen
0191fc3202c273cb8b92ca9761e96c56	Individuelle Schliessanlagen
0191fc3202c37280923ce3ff8c8bafb5	Individuelle Schliessanlagen
0191fc3202c57196a2c7a01bccefdd92	Individuelle Schliessanlagen
0191fc3202c773e09f2b5a411df19e99	Individuelle Schliessanlagen
0191fc3202c970949beae75f3662d015	Individuelle Schliessanlagen
0191fc3202cb7106b4fd4a001564fdab	Individuelle Schliessanlagen
0191fc3202cd71ecab38b0f33eada65e	Individuelle Schliessanlagen
0191fc3202cf70bea0381f95117392a3	Individuelle Schliessanlagen
0191fc3202d6713d93061867c7e4a317	Individuelle Schliessanlagen
0191fc3202d97242af72623955d5c85e	Individuelle Schliessanlagen
0191fc3202dc72e781b8c42647f93946	Individuelle Schliessanlagen
0191fc3202de73599ccdac203108136c	Individuelle Schliessanlagen
0191fc3202e170318abad484cb439181	Individuelle Schliessanlagen
0191fc3202e47225b3124dbe3e1c2cb2	Individuelle Schliessanlagen
0191fc3202e77049959e9a90b8e4e87f	Individuelle Schliessanlagen
0191fc3202e97059baa9caf42f410008	Individuelle Schliessanlagen
0191fc3202ec72a58c6e6ddb6a3021af	Individuelle Schliessanlagen
0191fc3202ef72be90989f4894d24d8c	Individuelle Schliessanlagen
0191fc3202f27267aeb3c912ee4cf61a	Individuelle Schliessanlagen
0191fc3202f5703d9f0d84f56c40f8c5	Individuelle Schliessanlagen
0191fc3202f77014ba28629b755d8f4c	Individuelle Schliessanlagen
0191fc3202fa73ca89dc4aa2bc3acd06	Individuelle Schliessanlagen
0191fc3202fd7249b6a57aae1244d331	Individuelle Schliessanlagen
0191fc3202ff7036b3bc6c1b25f01779	Individuelle Schliessanlagen
0191fc320302712a8ca2c918d4540f28	Individuelle Schliessanlagen
0191fc3203047152b545706a8c755bd9	Individuelle Schliessanlagen
0191fc3203067234a0cb2adfe4b23d50	Individuelle Schliessanlagen
0191fc32030872dfbca51527ecb46a0d	Individuelle Schliessanlagen
0191fc32030a71e996e13af9344a62b6	Individuelle Schliessanlagen
0191fc32030c72a3894f4df9a8f867a4	Individuelle Schliessanlagen
0191fc32030e737fae47a673fdcedf9e	Individuelle Schliessanlagen
0191fc32031073378b0e7b75bf0ba895	Individuelle Schliessanlagen
0191fc320313726a8b209d14be757bce	Individuelle Schliessanlagen
0191fc32031571028843ff89c10920c3	Individuelle Schliessanlagen
0191fc32031772ac97be030e30b5cce5	Individuelle Schliessanlagen
0191fc32031972b9a7eadee1976c0074	Individuelle Schliessanlagen
0191fc32031b7275b48219552628cebe	Individuelle Schliessanlagen
0191fc32031d714b92479073812ae42a	Individuelle Schliessanlagen
0191fc32031f72a685828a024355e7a4	Individuelle Schliessanlagen
0191fc3203207328ad2653cd55485b5d	Individuelle Schliessanlagen
0191fc320322734cbd1cdfa233906a4b	Individuelle Schliessanlagen
0191fc3203267054bcd820ce0277a84c	Individuelle Schliessanlagen
0191fc3203287288b70ba00b1aaf0f07	Individuelle Schliessanlagen
0191fc32032a724fbcb86d2f908eba76	Individuelle Schliessanlagen
0191fc32032c7294a5649d15a6a38e1f	Individuelle Schliessanlagen
0191fc32032e703ca12ca80412d771a5	Individuelle Schliessanlagen
0191fc3203307040afaaa9c881d97d7a	Individuelle Schliessanlagen
0191fc320332703daed7b9b9db36dcf6	Individuelle Schliessanlagen
0191fc32033473dc9c605db24ba7bffc	Individuelle Schliessanlagen
0191fc320336715caa228adb02072398	Individuelle Schliessanlagen
0191fc32033871b580d98c2aa004f522	Individuelle Schliessanlagen
0191fc32033a71c6af0cad967c1aca17	Individuelle Schliessanlagen
0191fc32033c709693669d807272d51a	Individuelle Schliessanlagen
0191fc32033e71fd932bfe54585fdc9a	Individuelle Schliessanlagen
0191fc32034071e0a1b1a086d1c40326	Individuelle Schliessanlagen
0191fc32034271ee943e109c8920bbfe	Individuelle Schliessanlagen
0191fc32034471e28b7b74f215026b68	Individuelle Schliessanlagen
0191fc320346736e88bb62a558386c8b	Individuelle Schliessanlagen
0191fc3203487001ace8b4400ef2b476	Individuelle Schliessanlagen
0191fc32034a72b39f9123bfe641521c	Individuelle Schliessanlagen
0191fc32034c710889a8b93fd5ad8f33	Individuelle Schliessanlagen
0191fc32034e72569ac2c30867244a29	Individuelle Schliessanlagen
0191fc32035071fc8ecc37352356d1a2	Individuelle Schliessanlagen
0191fc32035270cea6da2719dd4202ae	Individuelle Schliessanlagen
0191fc3203547296b446efe564fab593	Individuelle Schliessanlagen
0191fc320356731cb8d22fb43e9f6859	Individuelle Schliessanlagen
0191fc32035b703aafb58707037e9fa3	Individuelle Schliessanlagen
0191fc32035d712e9374841c27469088	Individuelle Schliessanlagen
0191fc32035f734f95d7898ba58dcf20	Individuelle Schliessanlagen
0191fc32036173449fd97fe1e4bdcef2	Individuelle Schliessanlagen
0191fc320363732992cd16aad12f5ac9	Individuelle Schliessanlagen
0191fc3203657364afbd5ba200aaac96	Individuelle Schliessanlagen
0191fc320367700784613d7a347e8cd4	Individuelle Schliessanlagen
0191fc32036a7016a246402eff615a68	Individuelle Schliessanlagen
0191fc32036c72708cb4511fcf3e5d3d	Individuelle Schliessanlagen
0191fc32036e732690f30a2b99c0ba0d	Individuelle Schliessanlagen
0191fc32037072da8569d4c5db6c0654	Individuelle Schliessanlagen
0191fc3203727043a209210e8f1ef8db	Individuelle Schliessanlagen
0191fc32037471d9b16f61b0601b7ea7	Individuelle Schliessanlagen
0191fc3203767279b734e0f1e1f503aa	Individuelle Schliessanlagen
0191fc32037870758d121a02e425d81e	Individuelle Schliessanlagen
0191fc32037a727b849e5e4302132281	Individuelle Schliessanlagen
0191fc32037c71af98884b944c65f8fc	Individuelle Schliessanlagen
0191fc32037e705988f9cb1979b9a55b	Individuelle Schliessanlagen
0191fc32038071838ba30fd68aefa75a	Individuelle Schliessanlagen
0191fc32038270278553bf9058ff7827	Individuelle Schliessanlagen
0191fc3203847087b965296fc2609e4f	Individuelle Schliessanlagen
0191fc320386738fa60dcff6ac45c675	Individuelle Schliessanlagen
0191fc32038871018b796930a4e2cc3e	Individuelle Schliessanlagen
0191fc32038a7182b7aaae83790445ad	Individuelle Schliessanlagen
0191fc32038c7040a8a2cc7912b74c16	Individuelle Schliessanlagen
0191fc32038e732a87b426b991e37649	Individuelle Schliessanlagen
0191fc32039071e0a92eda404a4b480e	Individuelle Schliessanlagen
0191fc320392717ab71fdc3e6cbb4389	Individuelle Schliessanlagen
0191fc3203947262a7580d08b908f1ce	Individuelle Schliessanlagen
0191fc320396736e986468890926eb62	Individuelle Schliessanlagen
0191fc32039972668413bf8eee77dd27	Individuelle Schliessanlagen
0191fc32039b736eb2a6d165aed4e757	Individuelle Schliessanlagen
0191fc32039d7305b65e26cfd5ca10b1	Individuelle Schliessanlagen
0191fc32039f706db3ccdfaf2ca57f88	Individuelle Schliessanlagen
0191fc3203a17137b4dede018c7538f2	Individuelle Schliessanlagen
0191fc3203a3712eb5465c28675255c3	Individuelle Schliessanlagen
0191fc3203a571b894065d88a2788f3f	Individuelle Schliessanlagen
0191fc3203a7700286124a320a3735cd	Individuelle Schliessanlagen
0191fc3203a97057a0c48fe79a6b4e3a	Individuelle Schliessanlagen
0191fc3203ab737e92e77a5b63ee2223	Individuelle Schliessanlagen
0191fc3203ad72229566292c36a6499c	Individuelle Schliessanlagen
0191fc3203b0731e9c0a2ed5ce9d3b39	Individuelle Schliessanlagen
0191fc3203b2724fbb91e30e53c9d336	Individuelle Schliessanlagen
0191fc3203b47139bbca65ee9b785c89	Individuelle Schliessanlagen
0191fc3203ba7295abc80f9df47a99d7	Individuelle Schliessanlagen
0191fc3203c171199324d87648203d93	Individuelle Schliessanlagen
0191fc3203c3711e859909c132960907	Individuelle Schliessanlagen
0191fc3203c5718293be06ace04f8401	digitale Profilzylinder > elektronische Profilzylinder > Doppelzylinder
0191fc3203cb728783ce9f37ebd32427	Individuelle Schliessanlagen
0191fc3203d17221acff596b419bb0e1	Individuelle Schliessanlagen
0191fc3203d3733fa3619ba20d8c0eb6	Individuelle Schliessanlagen
0191fc3203d573d8b93206069db0b519	Individuelle Schliessanlagen
0191fc3203d771318ca70a43beffa9cd	Individuelle Schliessanlagen
0191fc3203d9727cabe8d62ac3373446	Individuelle Schliessanlagen
0191fc3203db70caafccb6352703891f	Individuelle Schliessanlagen
0191fc3203dd72fba1d2e02f81c4f487	Individuelle Schliessanlagen
0191fc3203df73aeaf92fcd0f7cd723e	Individuelle Schliessanlagen
0191fc3203e1733ea84e52915ab04bea	Individuelle Schliessanlagen
0191fc3203e37272a700b220459bc3a9	Individuelle Schliessanlagen
0191fc3203e5722682e79eff979b83de	Individuelle Schliessanlagen
0191fc3203e773fa8f936c0287ae9f24	Pflege & Reinigung
0191fc3203e970d7b564742dd2b0e92c	Individuelle Schliessanlagen
0191fc3203eb7186a736aef4cbe0feba	Individuelle Schliessanlagen
0191fc3203ec70769d00788bef68f726	Individuelle Schliessanlagen
0191fc3203ee71c98c5780b6aa285978	Individuelle Schliessanlagen
0191fc320401706e9f18a4265e29cafd	Riegeleinsteckschlösser
0191fc320403739f944a85a3d4132408	Riegeleinsteckschlösser
0191fc320405718ea01495ef43e8156e	Riegeleinsteckschlösser
0191fc320406738a8058998abc1a3637	Individuelle Schliessanlagen
0191fc32040973ec9c673f64485db8fe	Individuelle Schliessanlagen
0191fc32040b71eab340cbe723dbbd3c	Individuelle Schliessanlagen
0191fc32040e70f388feaf361cc30ef1	Individuelle Schliessanlagen
0191fc32041073f0ba462c1dae32884c	Individuelle Schliessanlagen
0191fc32041571cca062f6dbb6d8ff13	Individuelle Schliessanlagen
0191fc32041870208bf2cfbca98fe8cf	Individuelle Schliessanlagen
0191fc32041a72e79884ced1a00cfe16	Individuelle Schliessanlagen
0191fc32041d729c9f790f9c9dedad1f	Individuelle Schliessanlagen
0191fc3204207006aec38e44f3211021	Individuelle Schliessanlagen
0191fc32042270a18e23d3e99332f7f7	Individuelle Schliessanlagen
0191fc3204247034bf5530ca3c5f21cc	Individuelle Schliessanlagen
0191fc3204267272ad121441723824e6	Individuelle Schliessanlagen
0191fc320428731cab173f44ddc59f3d	Individuelle Schliessanlagen
0191fc32042a71eb988022e710bf1011	Individuelle Schliessanlagen
0191fc32042d7382a8cca8c28db97bf7	Individuelle Schliessanlagen
0191fc3213a47385963f52070ad0505a	Angebote > Hangschlösser > Vorhangschlösser
0191fc3213d872f7a51ae1f3ba58bdc2	Schlüsseltresore > Schlüsselbox > Schlüsseltresore > Schlüsselbox
0191fc3213df7372923cdac53fab7819	Schlüsselbox > Schlüsselbox
0191fc3213e17343880b28e66aa50411	Schlüsselbox > Schlüsselbox
0191fc3213e473a0a17669ef29a05b88	Schlüsseltresore > Schlüsselbox > Schlüsseltresore > Schlüsselbox
0191fc3213e770bb940cccd9f869c8ba	Schlüsseltresore > Schlüsselbox > Schlüsseltresore > Schlüsseltresor Außenbereich > Schlüsselbox
0191fc3213ea72e59d3561c103b6d312	Schlüsseltresore > Schlüsselbox > Schlüsseltresore > Schlüsseltresor Außenbereich > Schlüsselbox
0191fc3213ec7112bf5370f8a31d436d	Schlüsseltresore > Schlüsselbox > Schlüsseltresore > Schlüsseltresor Außenbereich > Schlüsselbox
0191fc3213ef7148842b33fc4925fd67	Schlüsseltresore > Schlüsselbox > Schlüsseltresore > Schlüsseltresor Außenbereich > Schlüsselbox
0191fc3213f370d495f0d1bc40d398c7	Kabelschloss
0191fc3213f672a99dc0738f4125fcf8	Kabelschloss
0191fc3213f873f2b98a66b0ae647ffa	Bügelschloss
0191fc3213fc72b48077179d29c1d5a7	Bügelschloss
0191fc3213ff7076932fc0cb0cc1836a	Handschellenschloss
0191fc32140371c593c3c44dfb6357d2	E-Scooter-Schloss > Motorradschloss > Handschellenschloss
0191fc32140d707ba478972f98c3afec	Kettenschloss
0191fc3214107095939970462a831a8c	Kettenschloss
0191fc321412705ebd0c6b9347f424a0	Kettenschloss
0191fc32141470678dbec5af8c49181d	Kabelschloss
0191fc321417716d8d73937c04d04664	Hangschlösser > Vorhangschlösser
0191fc321419704c8e01662404cdb7dc	Hangschlösser > Vorhangschlösser
0191fc32141b72de98a0526a726bcda2	Hangschlösser > Vorhangschlösser
0191fc32141e724882b2fee627995f15	Fahrzeugsicherung > Überfallen > Containerschlösser
0191fc3214277394a63e77548686825e	Türöffner
0191fc32142d71c9b9c9d7979e834bd7	Türöffner
0191fc32143072b3ba1a06398dea4921	Türöffner
0191fc321433704a8f4341af3ee88be5	Türöffner
0191fc321436709abdb5f1104b09e704	Türöffner
0191fc32143a712ebd1e42af55f204e5	Türöffner
0191fc32143c7066b078382f3894e6fa	Türöffner
0191fc321440708d9de6beb87ec804eb	Zimmertürbeschläge
0191fc32144571e1afd5c5a5a860722a	Zimmertürbeschläge
0191fc32144871668ea80fdec5922a2b	Zimmertürbeschläge
0191fc32144c73078382d03debfce113	Zimmertürbeschläge
0191fc32144f7009a4ba3a8e446d6148	Zimmertürbeschläge
0191fc321452720bb754ed01954b901d	Zimmertürbeschläge
0191fc3214557199ac6d34627382696e	Zimmertürbeschläge
0191fc32145970a2a84f5a5b126d6665	Zimmertürbeschläge
0191fc32145c72969af6c9f2ceea0fbf	Zimmertürbeschläge
0191fc32145f71ba87538bae81b9be3e	Zimmertürgarnitur > Zimmertürbeschläge
0191fc32146270fe9691714a090e2d59	Zimmertürgarnitur > Zimmertürbeschläge
0191fc321465709bb7815d52fc709968	Zimmertürgarnitur > Zimmertürbeschläge
0191fc321468721193c691f4e2b7cfc4	Zimmertürbeschläge
0191fc32146b713b8817390be8267e7a	Zimmertürbeschläge
0191fc32146f707b820cfb0bd604ce0e	Zimmertürbeschläge
0191fc3214737047901d76d85401436a	Zimmertürbeschläge
0191fc321476723f91616d7633ca09e7	Zimmertürbeschläge
0191fc32147a7206abf52e503d16e6e9	Zimmertürbeschläge
0191fc32147d70da8e7b14ff2377b6e9	Zimmertürbeschläge
0191fc3214817022866d284eedf71643	Schutzbeschläge
0191fc32148672139e08d135050cf820	Schutzbeschläge
0191fc32148a713c81eb19fa6b83ea9d	Schutzbeschläge
0191fc32148e7228b27b24b724bf0294	Schutzbeschläge
0191fc321492720699625d71c8cf3adf	Schutzbeschläge
0191fc321497721e9f876f00402f8898	Zimmertüreinsteckschlösser
0191fc32149e70d491c2d347003dda52	Zimmertüreinsteckschlösser
0191fc3214a270a08644636a831418e8	Zimmertüreinsteckschlösser
0191fc3214a671a88d7e3b3c79c295c2	Zimmertüreinsteckschlösser
0191fc3214aa711da693972b7a62a83c	Zimmertüreinsteckschlösser
0191fc3214ae7398aab80698618da4a1	Zimmertüreinsteckschlösser
0191fc3214b272cbaecf8b3ec36eed54	Sicherheitskassetten > Feuerfeste Geldkassetten > Sicherheitskassetten > Dokumentensafes > Sicherheitskassetten
0191fc3214bb709d9b36c5e7ac27c9f8	Rohrrahmenschlösser
0191fc3214c271a38031e582e55fb6d9	Rohrrahmenschlösser
0191fc3214c671f086e74ff18916b026	Rohrrahmenschlösser
0191fc3214ca713fbcc6d977a8a9d08e	Rohrrahmenschlösser
0191fc3214ce70d6acf0b2ecee22afa7	Rohrrahmenschlösser
0191fc3214d271079dc5443e68867b54	Rohrrahmenschlösser
0191fc3214d873cdb36de10a3b8eee0c	Rohrrahmenschlösser
0191fc3214db71aea162abf8a00bf3a9	Rohrrahmenschlösser
0191fc3214df70f39925fb707d978b0e	Schlüsseltresore > Schlüsselbox > Schlüsseltresore > Schlüsseltresor Außenbereich > Schlüsselbox
0191fc3214e6711c8098877b27d7d3e3	Sicherheitskassetten > weitere Geldkassetten > Sicherheitskassetten > Schlüsselbox > Sicherheitskassetten > Schlüsselbox
0191fc3214ec7108b9e459a05a908e83	Sicherheitskassetten > Feuerfeste Geldkassetten > Sicherheitskassetten > Sicherheitskassetten
0191fc3214ef714083c243baad1dba1b	Sicherheitskassetten > Feuerfeste Geldkassetten > Sicherheitskassetten > Dokumentensafes > Sicherheitskassetten
0191fc3214f2725fb4578f5b5682d48f	Sicherheitskassetten > Feuerfeste Geldkassetten > Sicherheitskassetten > Dokumentensafes > Sicherheitskassetten
0191fc3214f571c5b55a52edb1b61906	Sicherheitskassetten > weitere Geldkassetten > Sicherheitskassetten > Dokumentensafes > Sicherheitskassetten
0191fc3214fa70a7ac6b190a4bfb7d02	Sicherheitskassetten > weitere Geldkassetten > Sicherheitskassetten > Dokumentensafes > Sicherheitskassetten
0191fc3214fd710a899740e20f8a8597	Sicherheitskassetten > Sicherheitskassetten > Dokumentensafes > Sicherheitskassetten
0191fc321501713094c8bf37a8ecabd2	Sicherheitskassetten > weitere Geldkassetten > Sicherheitskassetten > Dokumentensafes > Sicherheitskassetten
0191fc321505719bb01d725fa014537e	Sicherheitskassetten > weitere Geldkassetten > Sicherheitskassetten > Sicherheitskassetten
0191fc32150871d7a568ef0714bcda56	Zusatzsicherungen für Tür und Fenster > Zusatzschlösser
0191fc32150c72f6b4fc66907cbe7b4c	Fahrzeugschlösser
0191fc32151673cbbfe3bfee6b9b119f	Doppelzylinder > Doppelzylinder
0191fc3215257090b2c9c91ff7eb1ebd	Doppelzylinder
0191fc3215287193993e4507dad020d7	Zimmertüreinsteckschlösser
0191fc32152b73058344406694580724	Zimmertüreinsteckschlösser
0191fc32152d7133b5660f315c78cf37	Zimmertüreinsteckschlösser
0191fc321530736db29ee7b43dcbca24	Zimmertüreinsteckschlösser
0191fc3215337369945a147be418d235	Zimmertüreinsteckschlösser
0191fc32153672e2a565387c65d4b6cc	Zimmertüreinsteckschlösser
0191fc32153972be98c04e246a1c59f8	Zimmertüreinsteckschlösser
0191fc32153c721c8488782c54e4433e	Zimmertüreinsteckschlösser
0191fc32153f73099e54d1912e12090d	Zimmertüreinsteckschlösser
0191fc3215427210aaab5352601ff7ea	Zimmertüreinsteckschlösser
0191fc32154571388c96f0c5c7699bd9	Zimmertüreinsteckschlösser
0191fc321548701eb57e6e3481e1f3e1	Zimmertüreinsteckschlösser
0191fc32154b73b99568bbd591f7933a	Zimmertüreinsteckschlösser
0191fc32154d701cb069bbf70e04ed27	Zimmertüreinsteckschlösser
0191fc32154f7290ab44e763622a1eaf	Zimmertüreinsteckschlösser
0191fc32155270568357d66261b2ef98	Haustüreinsteckschlösser
0191fc3215577184b8b4e585c0133905	Haustüreinsteckschlösser
0191fc32155b702aa2daeb168dec43ee	Haustüreinsteckschlösser
0191fc32156070b4b086e869457d52c9	Haustüreinsteckschlösser
0191fc321564717d8b63108e405ccbf1	Haustüreinsteckschlösser
0191fc32156870fa8057422f37068348	Haustüreinsteckschlösser
0191fc32156b717fa0f5208e152b3993	Haustüreinsteckschlösser
0191fc32156f718294560888398ec3cb	Haustüreinsteckschlösser
0191fc32157370a4965edcfd59ae080c	Haustüreinsteckschlösser
0191fc32157670739c3045fb048b2751	Haustüreinsteckschlösser
0191fc32157a718b928d2dea0a39022a	Glastüreinsteckschlösser
0191fc32157e7153bdf7ddab10ca4d37	Glastüreinsteckschlösser
0191fc3215817245ab01e53118fd4017	Glastüreinsteckschlösser
0191fc3215837220ab073ff602bd4c92	Glastüreinsteckschlösser
0191fc321586737a8bf52ccccf17d6c4	Glastüreinsteckschlösser
0191fc32158972589a1eb4c5fa6ba348	Glastüreinsteckschlösser
0191fc32158c705f9c7e9b91987e0cdd	Rohrrahmenschlösser
0191fc32158e73e7ac90804fb0326868	Rohrrahmenschlösser
0191fc3215917380bccaadbdc32c36ae	Rohrrahmenschlösser
0191fc32159473c5907d782e3bde287b	Rohrrahmenschlösser
0191fc321597729b85c1ad7f78ed8b7a	Bügelschloss
0191fc321599726bafb0c7fd2ef7a41e	Doppelzylinder > Doppelzylinder
0191fc32159e7124aafd65308c9a6974	Doppelzylinder > Halbzylinder
0191fc3215a373dba0893fb3d5b519d4	Doppelzylinder
0191fc3215a57148aa04f1f41701c78f	Einbausicherungen
0191fc3215aa71efb7f8cb284f95d774	Einbausicherungen
0191fc3215ad72bf85bbd339f17bd9a9	Einbausicherungen
0191fc3215b47081ab0ee7be24e2d46b	Einbausicherungen
0191fc3215ba73ca8437835ad60c11aa	Zubehör > Spione
0191fc3215bf73619b3494e1ec78b7a0	Pflege & Reinigung
0191fc3215c271dba37804617eaea41f	Türfeststeller
0191fc3215c770d18e950cab73ef3852	Türfeststeller
0191fc3215cc723fa2e613fb4c3239da	Türfeststeller
0191fc3215ce7391a8fbb5e2f48ca339	Riegeleinsteckschlösser
0191fc3215d270759100afd786ff3dd9	Riegeleinsteckschlösser
0191fc3215d47148a59c5605f68b2eeb	Riegeleinsteckschlösser
0191fc3215d67014b56a5722dc195379	Einsteckschlösser > Objektschlösser
0191fc3215db723c851d7d0ff6678f72	Panikschlösser
0191fc3215e0705d858dc695a6e80185	Panikschlösser
0191fc3215e37200a54e0af3fedaa13a	Einsteckschlösser > Objektschlösser
0191fc3215e67026823ca311c0486ad8	Objektschlösser
0191fc3215ea72e6a813baff951d260e	Objektschlösser
0191fc3215ed7158b673e29950a26e56	Objektschlösser
0191fc3215f17109ad25f076ed342162	Objektschlösser
0191fc3215f4725db1a881989752ec2d	Objektschlösser
0191fc3215f87224b0bce99e4351c1c4	Objektschlösser
0191fc3215fb721f9d0d9f39a5e3cb0e	Rohrrahmenschlösser
0191fc32160071f68e84dc9ea1caaaac	Rohrrahmenschlösser
0191fc3216037294b8f37ae3410dfb6e	Rohrrahmenschlösser
0191fc321606709281412c326afb3b2b	Rohrrahmenschlösser
0191fc32160a72dd9d97bdf37ad72612	Rohrrahmenschlösser
0191fc32160d71bf8dc585ae64385394	Rohrrahmenschlösser
0191fc3216107193a54e57396413694a	Rohrrahmenschlösser
0191fc32161372ef885c72f1e6cc6b9c	Rohrrahmenschlösser
0191fc32161670589ff9a8e4c644a4ce	Riegeleinsteckschlösser
0191fc321619728fa2dc424fbf81a68c	Zusatzschlösser
0191fc32161c7309881f6b59ac18ba82	Zusatzschlösser
0191fc32161e71148c32d539a6f70bd1	Zusatzschlösser > Kastenschlösser
0191fc321621738a84cd9850062aa4e1	Zusatzschlösser > Kastenschlösser
0191fc321623723fb9639d0fd8774170	Zusatzschlösser > Kastenschlösser
0191fc32162673e4bb95914d668e650f	Zusatzschlösser > Kastenschlösser
0191fc32162870b88c5c43591f027fc8	Riegeleinsteckschlösser
0191fc32162b7237a23c8e4cb872715f	Zubehör > Türschließer
0191fc32162e71a9a8124d887f134314	Zubehör > Türschließer
0191fc3216317109b64dc5dc1cfbaf7f	Zubehör > Türschließer
0191fc321633730e9c6e78492b6d39ac	Türfeststeller
0191fc32163771888038d0f2b422ce0d	Türfeststeller
0191fc3216397223aa5c80e1083334a1	Türfeststeller
0191fc32163c73c9b738478cc7706f58	Sonstiges Zubehör > Türfeststeller
0191fc32163f7077b71596ec3f7325b4	Zubehör > Schlüsselschränke > Schlüsselschränke
0191fc321644716d89321e6c009133a9	Briefkästen
0191fc3216487247831d3bde7124a6b3	Briefkästen
0191fc32164a71e4bf12f60a2c142981	Briefkästen
0191fc32164d7326aa0b7cc5e1118aee	Briefkästen
0191fc321650736fa0c9959bd2199ac2	Briefkästen
0191fc32165573e08056ca6adadd6fe9	Briefkästen
0191fc321659733aa68aabca7df54451	Briefkästen
0191fc32165b723987e3cc526edb6fe7	Briefkästen
0191fc32165d714381f8103a1fb7e834	Briefkästen
0191fc32165f706f98be9ef37b88f866	Briefkästen
0191fc321661702897ba4d5e8c65bb28	Briefkästen
0191fc32166373ef9a9083bf7969e460	Briefkästen
0191fc321666711bb0bc39aa82eab986	Zubehör > Sonstiges Zubehör
0191fc321669733b8f716e56a83f7666	Zubehör > Sonstiges Zubehör
0191fc32166c7064b0332a7f67587faa	Zubehör > Sonstiges Zubehör
0191fc32167371b38533fc72757f6355	Profiltürgarnituren
0191fc321678715c96a067d75a987617	Profiltürgarnituren
0191fc32167a72c8a653dc2b94bff974	Schutzbeschläge
0191fc32167d7030aa3e45a63a98944d	Schutzbeschläge
0191fc32168070b4849f5096a99775f4	Schutzbeschläge
0191fc32168270e3a8a1057e21ab2df3	Schutzbeschläge
0191fc32168570c39e98f4c4dfc534ec	Schutzbeschläge
0191fc321688728eb8c33c5720dd1fe8	Schutzbeschläge
0191fc32168c72e5b50292451e5ef25c	Riegeleinsteckschlösser
0191fc32168e72bbad8e6f367ff22d2b	Riegeleinsteckschlösser
0191fc32169170d79922327edc89f83c	Riegeleinsteckschlösser
0191fc32169373bdad841bb36f803c6a	Zubehör > Sonstiges Zubehör
0191fc32169871c682e0d4a0286b877e	Schutzbeschläge
0191fc32169a731898a5247ae6dc9301	Schutzbeschläge
0191fc32169d72dc9912fc0eca434efe	E-Scooter-Schloss > Handschellenschloss
0191fc32169f71c694ad802a191bfb95	Zubehör > Vierkantstifte
0191fc3216a273c6bbb03d7cc6058f1f	Zimmertürbeschläge
0191fc3216a67367b9a66c28d3686a37	Zimmertürbeschläge
0191fc3216ac73c3ac375a00d592e376	Angebote
0191fc3216af72c8b94ea4f0e5b00390	Angebote
0191fc3216b2717197a6f3930e06b705	Sicherheitskassetten > weitere Geldkassetten > Sicherheitskassetten > Sicherheitskassetten
0191fc3216b6701998f3c660a33e2401	Schlüsselbox > Schlüsselbox
0191fc3216bb7285a37577d0b756e2a0	Zimmertürbeschläge
0191fc3216c07162b2ded0645fda1dcb	E-Scooter-Schloss > Handschellenschloss
0191fc3216c2715b87b10425e914b65d	Fenstergriffe
0191fc3216d071b5a705b2fd7c6f4c1b	Panikschlösser
0191fc3216d3723eb5d4531fcfeb2982	Panikschlösser
0191fc3216d67016b9383222491ed72e	Panikschlösser
0191fc3216d97146b6207e7b0f14f940	Schlüsseltresore > Schlüsselbox > Schlüsseltresore > Schlüsselbox
0191fc3216de724db925672a66b07d0b	Schlüsseltresore > Schlüsselbox > Schlüsseltresore > Schlüsselbox
0191fc3216e47197a3e68a328213bada	Sicherheitskassetten > Feuerfeste Geldkassetten > Sicherheitskassetten > Dokumentensafes > Sicherheitskassetten
0191fc3216ec71e095f0faab0c8de9f8	SimonsVoss Transponder
0191fc3216fd736cb39a0b8d76813a85	Dormakaba expert plus > Halbzylinder > Doppelzylinder
0191fc321702719aad425e02daf0df92	Sonstiges Zubehör
0191fc321707709f8e697fc40e9a8838	Sonstiges Zubehör > Türschließer > Türöffner
0191fc32170a73a1b3ecd1e85f81d10f	Doppelzylinder > Doppelzylinder
0191fc321710703a8d15730ebc8b396f	Schlüssel
0191fc321712729ea290cb5ab5273651	Sicherheitskassetten > weitere Geldkassetten > Feuerfeste Geldkassetten > Sicherheitskassetten > Schlüsseltresore > Geschäftstresore > Dokumentensafes > Sicherheitskassetten > Schlüsseltresore
0191fc321718708a8bcbf12b238d633d	Schlüsseltresore > Schlüsselbox > Schlüsseltresore > Schlüsseltresor Außenbereich > Schlüsselbox
0191fc32171e71de994f478b7cd17355	Sonstiges Zubehör
0191fc321720709c9a6a6d8916750638	Sonstiges Zubehör
0191fc321723727a8e9f376d7b418710	Türfeststeller
0191fc3217257264aa87d8984614e9e9	digitale Profilzylinder > elektronische Profilzylinder > ENTRY easy 7601 PIN > Doppelzylinder
0191fc32172b712695e8b4b56b6a2f79	digitale Profilzylinder > elektronische Profilzylinder > ENTRY easy 7602 FP > Doppelzylinder
0191fc32172e72ac85ed8ae1103b766f	digitale Profilzylinder > elektronische Profilzylinder > ENTRY easy 7602 FP > ENTRY easy 7601 PIN > Doppelzylinder
0191fc32173070dd829cfaf974bfb77f	Transponder > ENTRY easy 7602 FP > ENTRY easy 7601 PIN
0191fc321732724089c02335c9278fd7	Faltschloss
0191fc321740733997e023e6be04e19b	Faltschloss
0191fc32174671d5b774e6b207f49421	Faltschloss
0191fc32174d732184fb53e94684c034	Faltschloss
0191fc3217547063ba4506a0bca6fa44	E-Scooter-Schloss > Motorradschloss > Kettenschloss
0191fc32175a73da8d1b9b3c414b91d4	E-Scooter-Schloss > Motorradschloss > Kabelschloss > Handschellenschloss > Kettenschloss > Bügelschloss
0191fc32175f71fc9242cffb9b35a71b	Rahmenschloss
0191fc32176671a3b1c068047dc26ee5	Rahmenschloss
0191fc321777729989a69d9829a89e8a	Schlüsseltresore > Schlüsselbox > Schlüsseltresore > Schlüsselbox
0191fc3217827248be5f2676430ffbf4	Silca
0191fc32178772069c50a92a4a3b307e	Silca
0191fc32178a7229ae8a61f5d3c0a942	Silca
0191fc32178d73f38b3141c4c9ab7588	Silca
0191fc3217907178b5be68ab4389093f	Silca
0191fc32179270d781215e24938e9001	Silca
0191fc3217957383b3728143cb90f9fa	Silca
0191fc321798726982b74a5bb9266d66	Silca
0191fc32179b72ee84cb166c3b947259	Silca
0191fc32179e71a2b0e5b30e50be4320	Silca
0191fc3217a171fba8f764c8150aa0f1	Silca
0191fc3217a472bdbedffdc9cf4f75f3	Angebote > Sonstiges Zubehör > Rahmenschloss
0191fc3217aa73f192a43040053a41e5	Rahmenschloss
0191fc3217b27389b25bbe9a27719cd3	Silca
0191fc3217b5711886ba5c9ed26883fc	Programmiergeräte
0191fc3217bd707f93d2f975208705b3	Beschläge
0191fc3217c7736d9a4040c85ef92189	Türschließer > Türöffner
0191fc3217cd7382be8620f9c38c86c8	Kettenschloss
0191fc3217de739d8fc8b617906e80e4	E-Scooter-Schloss > Motorradschloss > Kettenschloss
0191fc3217f4721fbf8dc0365766f77f	Faltschloss
0191fc3217fe70658f8b8dce3e057f81	Pflege & Reinigung
0192bd2fd01374f7965039c735a8fc94	Rahmenschloss
0192bdaee84c7e1f88123747d006b0fd	Rahmenschloss
0192dd8efc6a7b3693677a3006bcbd2c	Knaufzylinder > Halbzylinder > Doppelzylinder
0193433830e1728fb29716d42e87b488	Simons Voss > Aktiv-Technologie
0193439942f77d4195e21fc3deafae4b	Simons Voss
019343bab1107e0983fcb38ba3461305	Simons Voss
019343f7c34d713baa9f63dface14a0c	Simons Voss
01934f264dd570058bc05a2cbc3e5afa	Faltschloss
0193772bcd447d6b86483d8abf9a42b1	Panikschlösser
01937751fb85740c9cfcba712798f213	Panikschlösser
019396ed1bf8781496b78f51853fa667	Zubehör
0193e37180ca7e4792da51a9a0e8edcc	Tresore > Dokumentensafes
0193f30222277c57a928cb8493af8a1c	Vorhangschlösser
0193f360d44b77019d01b98b82b40894	Vorhangschlösser
0193f3749a3b7d6cbc8ac176a852204c	Vorhangschlösser
0193f3b1012d70a59cb5d92f17f4df5b	Vorhangschlösser
0193f3d6924a788cbaf38bdf80a6ae29	Vorhangschlösser
0194452c33de70e5a7516ccfdf6839c5	Vorhangschlösser
01944584c99177d9a23ebb45248d3522	Vorhangschlösser
01944b9a8a96762d89880a4463def696	Vorhangschlösser
01944f59f7197976a773ff56562ca2b1	Vorhangschlösser
0194506ee2287f6292cd74f7b095ef4d	Türbeschläge
01945ed6c3587cb7b471ff8c9517b200	Türbeschläge
01945f8c3dcc7d5f87590470250cea84	Fenstergriffe
019469482eaf74a6a1ab18d02ed328cb	Türbeschläge > Schutzbeschläge
0194697babb575d08203394ff183ad4b	SimonsVoss Transponder
01946f2c2d1e7345ad7f0d40276ff027	Fenstergriffe
01946f9be6e979f486027aaf9804aab0	Fenstergriffe
01947333afdf789b8da18be6907ca4a3	Fenstergriffe
01948847c55079dea46e2f7712d5c2f7	Salto Transponder
019488af2bca7f3cade810d9f04860e2	Silca
019488b738ff7852b1e710a590130e67	Silca
019488e8b7dd739995eb8df3dce22efc	Silca
019488f189b271df90101f241e1b78fd	Silca
019488fca99779e39667d9ab591260a9	Silca
01948908030e7569af932a023e66574f	Silca
01948920ca0a7b5893c397ea64235f7e	Silca
019489406f797bf783a889430f2d9b03	Silca
0194897b954f7d94a3aa67875835eab2	Silca
01948990512b7c10a43b6d65eebd5be6	Silca
01948ce348f5724c9c319e0ca18645fa	Silca
01948cf6bc2b7c729e8df4ced1a634cb	Silca
01948d00ebc079ddbed65d89ded1f981	Silca
01948d13c9127f979ae101e818d84d3a	Silca
01948d1f1ccc7294afb950a73cc08677	Silca
01948d3cf41272f1a2bda36d52aedd98	Silca
01948d6070247a7cac3703d12b83b430	Silca
01948d6b8ec87906a0ff83bec3c5b5f8	Silca
01948d7fe8a370b898b2ea7dd743878e	Silca
01948d87f67c7c5bbefe9aac8addfb6f	Silca
01948dd7d43e78a88cdaf4778d386070	Silca
01948e15cf657d069c982c8e81f196bf	Silca
01948e40470e7a3aac55edf27ac0c515	Silca
01948e4bb8bb782eb60c65ffb362054a	Silca
01948e56ca8f79eea552cfc05f81a81f	Silca
01948e62939d76af831f53f0f33d9744	Silca
01948e7256107cc881239f5dbd314753	Silca
01948e807fb075c29cd14fc82d059d18	Silca
01948e8b5f1a78779cb2e5e6546652e9	Silca
019493c935fc71088393922fd2a27db6	Absperrtechnik
019497e2f62a7bb18bc2ef0fe79aad52	Faltschloss
0194981f10307696bf8a0ffefb479cdd	Faltschloss
01949830d87e7b6e968cb5fcca097af3	Faltschloss
0194a728e98e7c618eb33fb281ff966e	Fahrradzubehör
0194dbb2756375f39c6f608c0b4ee921	Vorhangschlösser
0194dfc75c2d7a55b75f7b780e14b5e4	Vorhangschlösser
0194f3f4e74b78b1b1eab51c1b6a839d	Simons Voss
0194f4331dd47a0fb1207d4d35b94f59	Simons Voss
0194f91d0cbb70088fa44d31c3b51c05	Paketbox
0194ff16511973ca9b8799631dfc0363	Briefkasten
0194ff40b31f7290903126b325438c23	Briefkästen
019512c3f8d170c6b1311b8bb15fa14b	Nachschlüssel > Doppelzylinder
0195132bd5ac7224aec5b282ee28e26f	Schlüssel > Nachschlüssel
0195276b66767caab85cd0e51a1b04b3	Pflege & Reinigung
019527e6708c783694764237939a57ed	SimonsVoss Transponder
01953bee9680704c9fb61fe4bca03b9c	Panikschlösser
01953d03a85d7a948e6bc3a395799651	Panikschlösser
01953d10eea4724596ee4a61bb99f9de	Panikschlösser
01953d61095076c5beb2e16283e48bde	Panikschlösser
01953d78a62879748a005f32bfb9585a	Panikschlösser
0195425ba2d17c73b0eec2f6ff70cd3d	Panikschlösser
01954288f4d67f1583fac8b67317d812	Panikschlösser
01954647861b7bcb944c752d10155beb	Panikschlösser
01954775a6bb7ec8b3a63e62828da132	SimonsVoss Transponder
019547cca7807f0ab0d3c1397a327560	SimonsVoss Transponder
019561271ed47e4b8760d434ad4c200e	Fahrradzubehör
01956149f6487fbba3de14ca4eb26c3e	Fahrradschloss
019561868a76782da76d3093d16b8bef	Fahrradschloss > Fahrradzubehör
019561a2676c7d94bdf799e89fd0cfe7	Faltschloss
019561d6a36c76d0acd674743f2f592c	Fahrradschloss > Fahrradzubehör
019565626a6175e0985f0697a7b3b500	Rahmenschloss
019565d1110873f2baca952e6502ac79	Rahmenschloss
019565e3021f7c42bfe1b11a85729817	Rahmenschloss
01958f6d9b4f77d186fad2c036218a12	Motorradschloss
0195a40a34ca79538556fd772ac015b4	Faltschloss
0195f6c15e017c76a7a9c3b055d68c18	Sonstiges Zubehör
0195fb512ed676ce9727fbccf8b1ef8b	Schlüsseltresor Außenbereich
0195fbb4a164775e853a3f4370dc93fc	Fenstergriffe
0195fbf506d17e5187f27d3c93b32014	Sonstiges Zubehör
0195ff9cf6fc70c196ff444a547794e1	Zubehör
0195ffcfca3c73afbcfcc68a39f57a86	Zubehör
019600801ca97450b6b1597ccc9eff06	Vorhangschlösser
0196103ed82b78a69c1b57ddc746453c	Zubehör
0196109799cc79398fb55516f0e8db43	Zubehör
01961a6644d67255be6ff97b9e9bb2e0	Vorhangschlösser
0196244b6dff7e47bccbc6994bd2283f	Zubehör
019633f773fd757e8173a74d796efd3e	Zubehör
01967bf43d5f76ac90f4b04a9a5b649f	Zubehör
0197d425791c7c468b564efb65e33c83	Türbeschläge
01980cecffba76a993ca092e66f06795	Rahmenschloss
01981795e2bf7356baed83f7f022b019	Schlüsselbox
01982c0e831179ccb23f941190b1566c	SimonsVoss Transponder
01982ca03f6f705dafe8cec401e6e110	Feuerfeste Geldkassetten
019831cafe767e3e9028ff8b2b88fe9d	Kettenschloss
0198608c97a1786097a213299e6cb576	Schlüsseltresore > Schlüsseltresor Außenbereich
019860cd395576ef9074d92878af0bdf	Schlüsselbox > Schlüsseltresore > Schlüsseltresor Außenbereich
01989d2607ce749aa2d884e295f81e98	elektronische Profilzylinder
0198a31d16e071239256a37f19035e61	Rahmenschloss
0198a3e7e94973d1bc9fc1c04211cf67	Rahmenschloss
0198c2014f64744c9f84dab092dd817e	Salto
0198eff90277700d94c18c5e72347053	SimonsVoss Transponder
0198f4d6e5b875a996ae7b0f79c40f6e	Sonstiges Zubehör
0199f17e67f9758790d39d8545dbb9b5	Tresore
019a0ad12879729a9806168ba5c0e7e7	Briefkästen
019a2a6905d57ca08614282391d2cf7b	Briefkästen > Paketbox
019a2b12b62b73dc96b00fb64089d004	Tresore
019a58c016187e9db39afbde25204cfb	Paketbox
019a5903a7907918b428cde2d5428cbf	Fahrradschloss
019a5911383370a68e0169041ccf7ec5	Kettenschloss
019a5922fb607952973f7b9894ee01b7	Kettenschloss
019a594230de71f9a306bea3ddfa9e20	Faltschloss
019ac5b1209b796683e8851314dd0568	Vorhangschlösser
019ae87f0547725b8b65f4509a656cde	Schlüsseltresore
019bbb8e88137547a8573b95f9c0720a	Sicherheitskassetten > Feuerfeste Geldkassetten
019bc12d45c57487935a3f755c47a5c7	Digitale Neo Zylinder für Europrofile
019bc1b088557f779949b98d02dfb24c	Programmiergeräte
019bc20b4c6b7048b1b2dec77bc99173	Salto
019bc5c113d77ba4a1bf00d4765e5de6	Salto
019bc5fa0b777102a2ee68b55da3cf9e	Salto
019bc6c16eb97a9692b53d85320bf491	Salto
019bdf847bb876a6838eaa74c0678329	Angebote > Zubehör
019c091999b77f8399491781f536df93	Rohrrahmenschlösser
019c09377b2373ccbae922f57b5160f1	Rohrrahmenschlösser
019c094e58787181923f0d4393e53597	Rohrrahmenschlösser
019c0966fcac78d28fd915111b595087	Rohrrahmenschlösser
