0191fc3215b47081ab0ee7be24e2d46b	3 Stk. Einbausicherung gleichschließend, mit 6 Schlüssel 50 mm	ISEO	NULL
0191fc31fdb571158e9963c8f467f899	Aluminium-Rundrosetten, BB-Rosettenpaar, Aluminium F1 Natur	KBV	Langschild / Rosette: Rosette
0191fc31fdb770b187a0ee008683aa5e	Aluminium-Rundrosetten, BB-Rosettenpaar, Aluminium F2 Neusilber	KBV	Langschild / Rosette: Rosette
0191fc31fdbc736c95942cba1e0adb23	Aluminium-Rundrosetten, Blindrosettenpaar, Aluminium F1 Natur	KBV	Langschild / Rosette: Rosette
0191fc31fdb271b5865aa4febc080cd0	Aluminium-Rundrosetten, Drückerrosettenpaar, gepresst, Aluminium F1 Natur	KBV	Langschild / Rosette: Rosette
0191fc31fef0731c9a3833dbd7e28a1b	Aluminium-Rundrosetten, Drückerrosettenpaar, gepresst, Aluminium F2 Neusilber	KBV	Langschild / Rosette: Rosette
0191fc31fdb8710e8a8efc07bdad414c	Aluminium-Rundrosetten, PZ-Rosettenpaar, Aluminium F1 Natur	KBV	Langschild / Rosette: Rosette
0191fc31fdba7336ae22454bf7891aef	Aluminium-Rundrosetten, PZ-Rosettenpaar, Aluminium F2 Neusilber	KBV	Langschild / Rosette: Rosette
0191fc31fdbe70b1ab6ee13f5d8be4b2	Aluminium-Rundrosetten, WC-Rosettenpaar, Aluminium F1 Natur	KBV	Langschild / Rosette: Rosette
0191fc31fef171c2a8f8055fb7a7d3f4	Aluminium-Rundrosetten, WC-Rosettenpaar, Aluminium F2 Neusilber	KBV	NULL
0191fc31ff9e73528d6bfa10dabc0ffa	Assa Abloy Gleitschiene G195 EV1	ASSA ABLOY	NULL
0191fc31ffa3702d9df0f4e7adef974d	Assa Abloy Gleitschiene G195 weiß ähnlich RAL 9016	ASSA ABLOY	NULL
0191fc31ff9873659cfa2d4ace54ef9e	Assa Abloy Montageplatte A120	ASSA ABLOY	NULL
0191fc31fec0709d92161f4bfe6bf3b1	Assa Abloy Standardgestänge L190 silber EV1	IKON	NULL
0191fc31ffa071a9bbf857fa5a8fc3e6	Assa Abloy Standardgleitschiene G193	ASSA ABLOY	NULL
0191fc31ffa1727fb937ac74a1164c05	Assa Abloy Standardgleitschiene G193 weiß ähnlich RAL 9016	ASSA ABLOY	NULL
0191fc32161c7309881f6b59ac18ba82	Aufschraubschloss, PZ gelocht, Breite: 95 mm, Höhe: 108 mm, links / rechts verwendbar	Wasu	Lochung: Profilzylinder (PZ) | Dornmaß: 60 mm | Vierkant / Nuss: 8 mm | Anschlagrichtung: L / R
0191fc31fa6a737697332735008f1764	Außenzylinder für Kastenzusatzschloss	DOM	NULL
0191fc31fc03734da4f9ba7fa6faeb2a	Bever Rohrrahmen-Reparatur-Einsteckschloss, PZ 92 mm, Dorn 30 mm, Stulp 24x340 mm	Bever	Stulplänge: 340 mm | Stulpbreite: 24 mm | Anschlagrichtung: L / R | Vierkant / Nuss: 10 mm | Stulpform: kantig | Lochung: Profilzylinder (PZ) | Dornmaß: 30 mm
0191fc31fd437028ade1ce45ea7af81a	BKS 1308 Rohrrahmen-Riegelschloss, Stulp 24x160 mm, Dorn 25 mm	BKS	Stulpbreite: 24 mm | Anschlagrichtung: L / R | Stulpform: kantig | Entfernung: 136 mm | Lochung: Profilzylinder (PZ) | Dornmaß: 25 mm | Stulplänge: 160 mm
0191fc3215ce7391a8fbb5e2f48ca339	BKS 1308 Rohrrahmen-Riegelschloss, Stulp 24x160 mm, Dorn 30 mm	BKS	Entfernung: 136 mm | Stulpform: kantig | Dornmaß: 30 mm | Stulplänge: 160 mm | Anschlagrichtung: L / R | Stulpbreite: 24 mm
0191fc3215d270759100afd786ff3dd9	BKS 1308 Rohrrahmen-Riegelschloss, Stulp 24x160 mm, Dorn 35 mm	BKS	Stulplänge: 160 mm | Stulpbreite: 24 mm | Anschlagrichtung: L / R | Stulpform: kantig | Entfernung: 136 mm | Dornmaß: 35 mm
0191fc3215d47148a59c5605f68b2eeb	BKS 1308 Rohrrahmen-Riegelschloss, Stulp 24x160 mm, Dorn 40 mm	BKS	Anschlagrichtung: L / R | Stulpform: kantig | Entfernung: 136 mm | Dornmaß: 40 mm | Stulplänge: 160 mm | Stulpbreite: 24 mm
0191fc31fd4771aab48208f8d12f3a3c	BKS 1308 Rohrrahmen-Riegelschloss, Stulp 24x160 mm, Dorn 45 mm	BKS	Stulpform: kantig | Entfernung: 136 mm | Dornmaß: 45 mm | Stulplänge: 160 mm | Stulpbreite: 24 mm | Anschlagrichtung: L / R
01953d10eea4724596ee4a61bb99f9de	BKS Panik-Rohrrahmenschloss 1826 Fkt. E 34/92/9 U-Stulp 6/24x270mm R/L-verwend.	BKS	Stulpbreite: 24 mm | Anschlagrichtung: DIN links / rechts | Stulplänge: 268 mm | Dornmaß: 34 mm | Entfernung: 92 mm | Vierkant / Nuss: 9 mm
01953d61095076c5beb2e16283e48bde	BKS Panik-Rohrrahmenschloss 1826 Fkt. E 35/92/9 Stulp 24x270mm R/L-verwendbar	BKS	Stulpform: Flachstulp eckig | Anschlagrichtung: DIN links / rechts | Entfernung: 92 mm | Stulplänge: 268 mm | Panikfunktion: Funktion E | Stulpbreite: 24 mm | Dornmaß: 35 mm | Vierkant / Nuss: 9 mm
01953d78a62879748a005f32bfb9585a	BKS Panik-Rohrrahmenschloss 1826 Fkt. E 40/92/9 Stulp 24x270mm R/L-verwend.	BKS	Panikfunktion: Funktion E | Stulplänge: 268 mm | Stulpbreite: 24 mm | Dornmaß: 40 mm | Vierkant / Nuss: 9 mm | Stulpform: Flachstulp eckig | Anschlagrichtung: DIN links / rechts | Entfernung: 92 mm
01954288f4d67f1583fac8b67317d812	BKS Panik-Rohrrahmenschloss 1826 Fkt. E 45/92/9 Stulp 24x270mm R/L-verwend.	BKS	Entfernung: 92 mm | Panikfunktion: Funktion E | Stulplänge: 268 mm | Stulpbreite: 24 mm | Dornmaß: 45 mm | Vierkant / Nuss: 9 mm | Stulpform: Flachstulp eckig | Anschlagrichtung: DIN links / rechts
0195425ba2d17c73b0eec2f6ff70cd3d	BKS Panik-Rohrrahmenschloß 1916 Fkt.E 40/9/92, Stulp 24x270x3mm, R/L verw.	BKS	Stulplänge: 268 mm | Anschlagrichtung: DIN links / rechts | Entfernung: 92 mm | Panikfunktion: Funktion E | Stulpbreite: 24 mm | Dornmaß: 40 mm
01953bee9680704c9fb61fe4bca03b9c	BKS Panik-RR-Schloss 1316 Funktion E 34/92/9 U-Stulp 24x245mm Niro Din Li	BKS	Vierkant: 9 mm | Panikfunktion: Funktion E | Stulpform: Flachstulp eckig | Anschlagrichtung: DIN L | Lochung: Profilzylinder (PZ) | Entfernung: 92 mm | Stulplänge: 245 mm | Dornmaß: 34 mm | Stulpbreite: 24 mm
01953d03a85d7a948e6bc3a395799651	BKS Panik-RR-Schloss 1316 Funktion E 34/92/9 U-Stulp 24x245mm Niro Din Rechts	BKS	Anschlagrichtung: DIN R | Panikfunktion: Funktion E | Stulplänge: 245 mm | Dornmaß: 34 mm | Entfernung: 92 mm | Vierkant / Nuss: 9 mm | Stulpbreite: 24 mm
01954647861b7bcb944c752d10155beb	BKS Panik-RR-Schloss 1316 Funktion E 35/92/9 Stulp 24x245mm Niro Din Li/Re	BKS	Dornmaß: 35 mm | Stulpbreite: 24 mm | Vierkant / Nuss: 9 mm | Stulpform: Flachstulp eckig | Entfernung: 92 mm | Anschlagrichtung: DIN links / rechts | Panikfunktion: Funktion E | Stulplänge: 245 mm
0191fc31fd6872f6930d31315159eeb8	BMH Objekt-Einsteckschloss 0.300.000162, PZ gelocht, Stulp 20x235 mm rund, Dorn 60 mm, DIN rechts	BMH	Stulplänge: 235 mm | Stulpbreite: 23 mm | Anschlagrichtung: DIN R | Entfernung: 72 mm | Stulpform: rund | Vierkant / Nuss: 8 mm | Lochung: Profilzylinder (PZ) | Dornmaß: 60 mm
0191fc3215e67026823ca311c0486ad8	BMH Objekt-Einsteckschloss 0300.000125, PZ gelocht, Stulp 20x235 mm rund, Dorn 55 mm, DIN links	BMH	Anschlagrichtung: DIN L | Entfernung: 72 mm | Vierkant / Nuss: 8 mm | Stulpform: rund | Lochung: Profilzylinder (PZ) | Dornmaß: 55 mm | Stulplänge: 235 mm | Stulpbreite: 20 mm
0191fc3215ea72e6a813baff951d260e	BMH Objekt-Einsteckschloss 0300.000126, PZ gelocht, Stulp 20x235 mm rund, Dorn 55 mm, DIN rechts	BMH	Stulpform: rund | Dornmaß: 55 mm | Lochung: Profilzylinder (PZ) | Stulplänge: 235 mm | Stulpbreite: 20 mm | Entfernung: 72 mm | Anschlagrichtung: DIN R | Vierkant / Nuss: 8 mm
0191fc31fd63705993f7c8afdc09e71d	BMH Objekt-Einsteckschloss 0300.000161, PZ gelocht, Stulp 20x235 mm rund, Dorn 60 mm, DIN links	BMH	Entfernung: 72 mm | Vierkant / Nuss: 8 mm | Stulpform: rund | Lochung: Profilzylinder (PZ) | Dornmaß: 60 mm | Stulplänge: 235 mm | Stulpbreite: 22 mm | Anschlagrichtung: DIN L
0191fc31fd6c70519fec107a2b1e302c	BMH Objekt-Einsteckschloss 0300.000177, PZ gelocht, Stulp 24x235 mm rund, Dorn 60 mm, DIN links	BMH	Anschlagrichtung: DIN L | Entfernung: 72 mm | Vierkant / Nuss: 8 mm | Stulpform: rund | Lochung: Profilzylinder (PZ) | Dornmaß: 60 mm | Stulplänge: 235 mm | Stulpbreite: 24 mm
0191fc31fd70721f904a4e407e7acc9d	BMH Objekt-Einsteckschloss 0300.000178, PZ gelocht, Stulp 24x235 mm rund, Dorn 60 mm, DIN rechts	BMH	Dornmaß: 60 mm | Stulplänge: 235 mm | Stulpbreite: 24 mm | Anschlagrichtung: DIN R | Entfernung: 72 mm | Vierkant / Nuss: 8 mm | Stulpform: rund | Lochung: Profilzylinder (PZ)
0191fc3215ed7158b673e29950a26e56	BMH Objekt-Einsteckschloss 0300.000193, PZ gelocht, Stulp 20x235 mm rund, Dorn 65 mm, DIN links	BMH	Stulpbreite: 20 mm | Anschlagrichtung: DIN L | Entfernung: 72 mm | Vierkant / Nuss: 8 mm | Stulpform: rund | Lochung: Profilzylinder (PZ) | Dornmaß: 65 mm | Stulplänge: 235 mm
0191fc3215f17109ad25f076ed342162	BMH Objekt-Einsteckschloss 0300.000194, PZ gelocht, Stulp 20x235 mm rund, Dorn 65 mm, DIN rechts	BMH	Stulpform: rund | Lochung: Profilzylinder (PZ) | Dornmaß: 65 mm | Stulplänge: 235 mm | Stulpbreite: 20 mm | Anschlagrichtung: DIN R | Entfernung: 72 mm | Vierkant / Nuss: 8 mm
0191fc3215f4725db1a881989752ec2d	BMH Objekt-Einsteckschloss 0300.000205, PZ gelocht, Stulp 24x235 mm rund, Dorn 65 mm, DIN links	BMH	Stulplänge: 235 mm | Anschlagrichtung: DIN L | Stulpbreite: 24 mm | Entfernung: 72 mm | Vierkant / Nuss: 8 mm | Stulpform: rund | Dornmaß: 65 mm | Lochung: Profilzylinder (PZ)
0191fc3215f87224b0bce99e4351c1c4	BMH Objekt-Einsteckschloss 0300.000206, PZ gelocht, Stulp 24x235 mm rund, Dorn 65 mm, DIN rechts	BMH	Vierkant / Nuss: 8 mm | Stulpform: rund | Lochung: Profilzylinder (PZ) | Dornmaß: 65 mm | Stulplänge: 235 mm | Stulpbreite: 24 mm | Anschlagrichtung: DIN R | Entfernung: 72 mm
0191fc3216d3723eb5d4531fcfeb2982	BMH PANIK-EINSTECKSCHLOSS 1013 PZ 65/9/72MM LI FKT. "D" STULP 24MM RUND VERZINKT	BMH	Dornmaß: 65 mm | Panikfunktion: Funktion D | Stulplänge: 235 mm | Stulpbreite: 24 mm | Anschlagrichtung: L | Vierkant / Nuss: 9 mm | Stulpform: rund | Entfernung: 209 mm
0191fc3216d67016b9383222491ed72e	BMH PANIK-EINSTECKSCHLOSS 1013 PZ 65/9/72MM Re FKT. "D" STULP 24MM RUND VERZINKT	BMH	Stulpform: rund | Panikfunktion: Funktion D | Anschlagrichtung: R | Entfernung: 72 mm | Vierkant / Nuss: 9 mm | Stulpbreite: 24 mm | Dornmaß: 65 mm
0191fc3216d071b5a705b2fd7c6f4c1b	BMH PANIK-EINSTECKSCHLOSS 1013 PZW 65/9/72MM LI FKT. "E" STULP 24MM RUND VERZINKT	BMH	Vierkant / Nuss: 9 mm | Stulpbreite: 24 mm | Dornmaß: 65 mm | Panikfunktion: Funktion E | Stulpform: rund | Anschlagrichtung: L | Entfernung: 72 mm
0191fc31fee770ad9774b8eb02a76269	BMH PANIK-EINSTECKSCHLOSS 1013 PZW 65/9/72MM Re FKT. "E" STULP 24MM RUND VERZINKT	BMH	Entfernung: 209 mm | Stulpform: rund | Dornmaß: 65 mm | Panikfunktion: Funktion E | Stulpbreite: 24 mm | Stulplänge: 235 mm | Anschlagrichtung: R | Vierkant / Nuss: 9 mm
0193772bcd447d6b86483d8abf9a42b1	BMH Panikschloss 1013 PZW Funktion E DIN Links	BMH	Dornmaß: 55 mm | Panikfunktion: Funktion E | Stulpbreite: 20 mm | Stulplänge: 235 mm | Anschlagrichtung: L | Entfernung: 72 mm | Stulpform: rund | Vierkant / Nuss: 9 mm | Lochung: Profilzylinder (PZ)
01937751fb85740c9cfcba712798f213	BMH Panikschloss 1013 PZW Funktion E DIN Rechts	BMH	Dornmaß: 55 mm | Panikfunktion: Funktion E | Stulplänge: 235 mm | Stulpbreite: 20 mm | Entfernung: 72 mm | Vierkant / Nuss: 9 mm | Stulpform: rund
0191fc31fe1872248fda1f8080ca0f92	Bodenplatte für Türpuffer, FSB 3884, schwarz	FSB	NULL
0191fc32165f706f98be9ef37b88f866	Briefkastenschloss, BK-Zylinderschloss, passend für Renz, hohe Kröpfung, inkl. 2 Schlüssel	Wilhelm Kessler	NULL
0191fc321661702897ba4d5e8c65bb28	Briefkastenschloss, Zylinderschloss, für JU, inkl. 2 Schlüssel	Euro-Locks	NULL
0191fc31fe3b72109b36266490c63435	Burg Wächter Briefkastenschloss, inkl. 2 Schlüssel, für Metallkästen, BK 92 M	Burg Wächter	NULL
0191fc31fe3771e3b88222e9fdebdeae	Burg Wächter Briefkastenschloss, inkl. 2 Schlüssel, ZBK 72	Burg Wächter	NULL
0191fc321650736fa0c9959bd2199ac2	Burg Wächter Briefkastenschloss, inkl. 2 Schlüssel, ZS 77	Burg Wächter	NULL
0191fc32165573e08056ca6adadd6fe9	Burg Wächter Briefkastenschloss, inkl. 2 Schlüssel, ZS 81	Burg Wächter	NULL
0191fc32169373bdad841bb36f803c6a	Dreikant Dornschlüssel, 10 mm	KBV	NULL
0191fc321666711bb0bc39aa82eab986	Dreikant Dornschlüssel, 6,5 mm	KBV	NULL
0191fc31fe5673a699b51a12a0cded0e	Dreikant Dornschlüssel, 7 mm	KBV	NULL
0191fc321669733b8f716e56a83f7666	Dreikant Dornschlüssel, 8 mm	KBV	NULL
0191fc32166c7064b0332a7f67587faa	Dreikant Dornschlüssel, 9 mm	KBV	NULL
0191fc31fdc0703fb96f4c72781e53a5	Edelstahl-Rundrosetten, BB-Rosettenpaar	KBV	Langschild / Rosette: Rosette
0191fc31fdc37375b76323dcc3dda610	Edelstahl-Rundrosetten, Blindrosettenpaar	KBV	Langschild / Rosette: Rosette
0191fc31fdc271bfa28c570eea08132d	Edelstahl-Rundrosetten, PZ-Rosettenpaar	KBV	Langschild / Rosette: Rosette
0191fc31fdc6714dae27802d68dee5d2	Edelstahl-Rundrosetten, WC-Rosettenpaar	KBV	Langschild / Rosette: Rosette
01947333afdf789b8da18be6907ca4a3	EDI Fenstergriff 1003/1035 "MIMAS" Aluminium F9016 verkehrsweiß 35 mm Standard 	EDI	NULL
01946f9be6e979f486027aaf9804aab0	EDI Fenstergriff 1003/2035 "MIMAS" Alu.35mm F12/verkehrsweiß	EDI	NULL
019469482eaf74a6a1ab18d02ed328cb	EDI Schutzgarnitur Logo 8745/7203 VA EST 72mm 35-45mm 	EDI	Vierkant / Nuss: 8 mm | Entfernung: 72 mm
0191fc31fbca71a6acb67bb8e775bdd6	effeff Elektro-Türöffner Modellreihe 17, 6–12 V	effeff ASSA ABLOY	NULL
0191fc321433704a8f4341af3ee88be5	effeff Elektro-Türöffner Modellreihe 19, 6–12 V, DIN rechts	effeff ASSA ABLOY	NULL
0191fc32143a712ebd1e42af55f204e5	effeff Elektro-Türöffner Modellreihe 19, 6–12 V, DIN rechts mit mechanischer Entriegelung	effeff ASSA ABLOY	NULL
0191fc3215a57148aa04f1f41701c78f	Einbausicherung 50mm Stahl 3 Schlüssel	ISEO	NULL
0191fc3215aa71efb7f8cb284f95d774	Einbausicherung 50mm Stahl 6 Schlüssel	ISEO	NULL
0191fc3215ad72bf85bbd339f17bd9a9	Einbausicherung 70 mm 3 lange Schlüssel, Profil G 20	ISEO	NULL
0191fc31fd9271e4b320a7c301e43b00	Einsteck-Riegelschloss, PZ gelocht, Stulp 20x160 mm, Dorn 50 mm, Bever 286	Bever	Stulplänge: 160 mm | Stulpbreite: 20 mm | Anschlagrichtung: L / R | Stulpform: kantig | Lochung: Profilzylinder (PZ) | Dornmaß: 50 mm
0191fc32161670589ff9a8e4c644a4ce	Einsteck-Riegelschloss, PZ gelocht, Stulp 20x160 mm, Dorn 55 mm, Bever 286	Bever	Stulplänge: 160 mm | Stulpbreite: 20 mm | Anschlagrichtung: L / R | Stulpform: kantig | Lochung: Profilzylinder (PZ) | Dornmaß: 55 mm
0191fc31fd9673c39357d75c1c9e6061	Einsteck-Riegelschloss, PZ gelocht, Stulp 20x160 mm, Dorn 60 mm, Bever 286	Bever	Stulpform: kantig | Lochung: Profilzylinder (PZ) | Dornmaß: 60 mm | Stulplänge: 160 mm | Stulpbreite: 20 mm | Anschlagrichtung: L / R
0191fc31fcf3704a91c9624475a91f9b	Einsteck-Schiebetürschloss für Holztüren, Stulp 20x151 mm, Dorn 55 mm, Bever 138P55	Bever	Lochung: Profilzylinder (PZ) | Stulplänge: 151 mm | Stulpbreite: 20 mm | Dornmaß: 55 mm | Stulpform: kantig
0191fc31fcc873659c5e0dbeb6e9668c	Einsteckschloss mit Hakenfalle, Entfernung 72 mm, Dornmaß 35 mm, Stulp 24x243 mm	BMH	Stulpform: kantig | Vierkant / Nuss: 9 mm | Entfernung: 223 mm | Stulplänge: 243 mm | Stulpbreite: 24 mm | Dornmaß: 35 mm
0191fc32165b723987e3cc526edb6fe7	EURO Locks X58, inkl. 2 Schlüssel	Wilhelm Kessler	NULL
0191fc31fc9c702696f769761c391239	Flachschließblech für elektrische Türöffner	effeff ASSA ABLOY	NULL
0191fc31fe1a721690bfee9f2cfabff7	Garagenknebel abschließbar, Vierkant 60 mm, gleichschließend	Malte Block	NULL
0191fc3216317109b64dc5dc1cfbaf7f	GEZE Gleitstein für Normalgleitschiene	GEZE	NULL
0191fc32162b7237a23c8e4cb872715f	GEZE mechanische Feststelleinheit, für TS 3000/5000/5000 L	GEZE	NULL
0191fc31fe0a731bb2691b578adfaa2d	GEZE Montageplatte für Gleitschiene, silberfarbig EV1	GEZE	NULL
0191fc31fe0472a69fd8f09ff0b40e07	GEZE Montageplatte für Grundkörper von TS 3000, silberfarbig	GEZE	NULL
0191fc31fe0772d281975d0ecdb48234	GEZE Montageplatte für Grundkörper von TS 4000/5000/5000 L, silberfarbig	GEZE	NULL
0191fc31fd3d73f7aa95fbdb341d1efb	GEZE Obentürschließer TS 1500 mit Gestänge, silberfarbig EV1	GEZE	NULL
0191fc31fded738d85378d34ffba7734	GEZE Obentürschließer TS 5000 L, ohne Gleitschiene, silberfarbig EV1	GEZE	NULL
0191fc31fdf07009a7e0f2242d354640	GEZE Obentürschließer TS 5000 L, ohne Gleitschiene, weiß	GEZE	NULL
0191fc31fde670f4a73e0469c4baf512	GEZE Obentürschließer TS 5000, ohne Gleitschiene, silberfarbig EV1	GEZE	NULL
0191fc31fde97120a9d4acecd1823f44	GEZE Obentürschließer TS 5000, ohne Gleitschiene, weiß	GEZE	NULL
0191fc31fddc70d898bcd3c4f6e708aa	GEZE Standardgestänge silberfarbig EV1, für GEZE TS 2000/4000	GEZE	NULL
0191fc31fee170a8a660b859cda6605c	Glastür-Einsteckschloss BKS Nr. 00070271, PZ gelocht, 40/8/72 mm, 20x235 mm Stulp kantig, DIN links	BKS	NULL
0191fc31fee473938d0376451f80ee87	Glastür-Einsteckschloss BKS Nr. 00070272, PZ gelocht, 40/8/72 mm, 20x235 mm Stulp kantig, DIN rechts	BKS	NULL
0191fc32157a718b928d2dea0a39022a	Glastür-Einsteckschloss BKS Nr. 00071011, PZ gelocht, 30/8/72 mm, 20x235 mm Stulp kantig, DIN links	BKS	Stulpform: Flachstulp kantig | Lochung: Profilzylinder (PZ) | Dornmaß: 30 mm | Stulplänge: 235 mm | Stulpbreite: 20 mm | Anschlagrichtung: DIN L | Entfernung: 72 mm | Vierkant / Nuss: 8 mm
0191fc32157e7153bdf7ddab10ca4d37	Glastür-Einsteckschloss BKS Nr. 00071012, PZ gelocht, 30/8/72 mm, 20x235 mm Stulp kantig, DIN rechts	BKS	Stulplänge: 235 mm | Stulpbreite: 20 mm | Anschlagrichtung: DIN R | Entfernung: 72 mm | Vierkant / Nuss: 8 mm | Stulpform: Flachstulp kantig | Lochung: Profilzylinder (PZ) | Dornmaß: 30 mm
0191fc321586737a8bf52ccccf17d6c4	Glastür-Einsteckschloss BKS Nr. 00071013, PZ gelocht, 35/8/72 mm, 20x235 mm Stulp kantig, DIN links	BKS	Entfernung: 72 mm | Vierkant / Nuss: 8 mm | Stulpform: Flachstulp kantig | Lochung: Profilzylinder (PZ) | Dornmaß: 35 mm | Stulplänge: 235 mm | Stulpbreite: 20 mm | Anschlagrichtung: DIN L
0191fc32158972589a1eb4c5fa6ba348	Glastür-Einsteckschloss BKS Nr. 00071014, PZ gelocht, 35/8/72 mm, 20x235 mm Stulp kantig, DIN rechts	BKS	Stulplänge: 235 mm | Stulpbreite: 20 mm | Entfernung: 72 mm | Anschlagrichtung: DIN R | Vierkant / Nuss: 8 mm | Stulpform: Flachstulp kantig | Dornmaß: 35 mm | Lochung: Profilzylinder (PZ)
0191fc3215817245ab01e53118fd4017	Glastür-Einsteckschloss BKS Nr. 00071015, PZ gelocht, 45/8/72 mm, 20x235 mm Stulp kantig, DIN links	BKS	Vierkant / Nuss: 8 mm | Stulpform: Flachstulp kantig | Lochung: Profilzylinder (PZ) | Dornmaß: 45 mm | Stulplänge: 235 mm | Stulpbreite: 20 mm | Entfernung: 72 mm | Anschlagrichtung: DIN L
0191fc3215837220ab073ff602bd4c92	Glastür-Einsteckschloss BKS Nr. 00071016, PZ gelocht, 45/8/72 mm, 20x235 mm Stulp kantig, DIN rechts	BKS	Stulplänge: 235 mm | Stulpbreite: 20 mm | Anschlagrichtung: DIN R | Entfernung: 72 mm | Vierkant / Nuss: 8 mm | Stulpform: Flachstulp kantig | Lochung: Profilzylinder (PZ) | Dornmaß: 45 mm
0191fc321564717d8b63108e405ccbf1	Haustür-Einsteckschloss BMH Nr. 34, PZ gelocht, 65/10/92 mm, 20x240 mm TGL Stulp, Anschlag links	BMH	Anschlagrichtung: L | Entfernung: 92 mm | Verwendung: Haustür | Stulpform: Flachstulp rund/oval | Lochung: Profilzylinder (PZ) | Dornmaß: 65 mm | Vierkant / Nuss: 10 mm | Stulplänge: 240 mm | Stulpbreite: 20 mm
0191fc32156870fa8057422f37068348	Haustür-Einsteckschloss BMH Nr. 34, PZ gelocht, 65/10/92 mm, 20x240 mm TGL Stulp, Anschlag rechts	BMH	Entfernung: 92 mm | Verwendung: Haustür | Stulpform: Flachstulp rund/oval | Lochung: Profilzylinder (PZ) | Dornmaß: 65 mm | Vierkant / Nuss: 10 mm | Stulplänge: 240 mm | Stulpbreite: 20 mm | Anschlagrichtung: R
0191fc32155b702aa2daeb168dec43ee	Haustür-Einsteckschloss BMH Nr. 34, PZ gelocht, 65/10/92 mm, 20x280 mm Stulp kantig, DIN links	BMH	Anschlagrichtung: DIN L | Entfernung: 92 mm | Verwendung: Haustür | Stulpform: Flachstulp kantig | Lochung: Profilzylinder (PZ) | Dornmaß: 65 mm | Vierkant / Nuss: 10 mm | Stulplänge: 280 mm | Stulpbreite: 20 mm
0191fc32156070b4b086e869457d52c9	Haustür-Einsteckschloss BMH Nr. 34, PZ gelocht, 65/10/92 mm, 20x280 mm Stulp kantig, DIN rechts	BMH	Entfernung: 92 mm | Verwendung: Haustür | Stulpform: Flachstulp kantig | Lochung: Profilzylinder (PZ) | Dornmaß: 65 mm | Vierkant / Nuss: 10 mm | Stulpbreite: 20 mm | Stulplänge: 280 mm | Anschlagrichtung: DIN R
0191fc32155270568357d66261b2ef98	Haustür-Einsteckschloss BMH Nr. 34, PZ gelocht, 65/10/92 mm, 20x280 mm Stulp rund, DIN links	BMH	Anschlagrichtung: DIN L | Entfernung: 92 mm | Verwendung: Haustür | Stulpform: Flachstulp rund/oval | Lochung: Profilzylinder (PZ) | Dornmaß: 65 mm | Stulplänge: 280 mm | Vierkant / Nuss: 10 mm | Stulpbreite: 20 mm
0191fc3215577184b8b4e585c0133905	Haustür-Einsteckschloss BMH Nr. 34, PZ gelocht, 65/10/92 mm, 20x280 mm Stulp rund, DIN rechts	BMH	Anschlagrichtung: DIN R | Entfernung: 92 mm | Verwendung: Haustür | Stulpform: Flachstulp rund/oval | Lochung: Profilzylinder (PZ) | Dornmaß: 65 mm | Vierkant / Nuss: 10 mm | Stulplänge: 280 mm | Stulpbreite: 20 mm
0191fc32156b717fa0f5208e152b3993	Haustür-Einsteckschloss BMH Nr. 34, PZ gelocht, 65/10/92 mm, 24x280 mm Stulp kantig, DIN links	BMH	Entfernung: 92 mm | Verwendung: Haustür | Stulpform: Flachstulp kantig | Lochung: Profilzylinder (PZ) | Dornmaß: 65 mm | Vierkant / Nuss: 10 mm | Stulplänge: 280 mm | Stulpbreite: 24 mm | Anschlagrichtung: DIN L
0191fc32156f718294560888398ec3cb	Haustür-Einsteckschloss BMH Nr. 34, PZ gelocht, 65/10/92 mm, 24x280 mm Stulp kantig, DIN rechts	BMH	Verwendung: Haustür | Stulpform: Flachstulp kantig | Lochung: Profilzylinder (PZ) | Dornmaß: 65 mm | Vierkant / Nuss: 10 mm | Stulplänge: 280 mm | Stulpbreite: 24 mm | Anschlagrichtung: DIN R | Entfernung: 92 mm
0191fc32157670739c3045fb048b2751	Haustür-Einsteckschloss BMH Nr. 34, PZ gelocht, 65/10/92 mm, 28x280 mm Stulp kantig, DIN links	BMH	Verwendung: Haustür | Stulpform: Flachstulp kantig | Lochung: Profilzylinder (PZ) | Dornmaß: 65 mm | Vierkant / Nuss: 10 mm | Stulplänge: 280 mm | Stulpbreite: 28 mm | Entfernung: 92 mm | Anschlagrichtung: DIN L
0191fc32157370a4965edcfd59ae080c	Haustür-Einsteckschloss BMH Nr. 34, PZ gelocht, 65/10/92 mm, 28x280 mm Stulp kantig, DIN rechts	BMH	Stulpform: Flachstulp kantig | Lochung: Profilzylinder (PZ) | Dornmaß: 65 mm | Vierkant / Nuss: 10 mm | Stulplänge: 280 mm | Stulpbreite: 28 mm | Anschlagrichtung: DIN R | Entfernung: 92 mm | Verwendung: Haustür
0191fc31fb267307ab69e652fd703cf6	ix7 Teco Doppelzylinder	DOM	NULL
0191fc31fd2a7394874082566acc8f20	Kurzschildgarnitur Kunststoff schwarz, Drückergarnitur, kantig	KBV	Entfernung: 72 mm | Vierkant / Nuss: 9 mm
0191fc31fd31735989fce3f6b763dcb0	Kurzschildgarnitur Kunststoff schwarz, Drückergarnitur, oval	KBV	Entfernung: 72 mm | Vierkant / Nuss: 8 mm
0191fc31fd34727c842a1d831fd200ed	Kurzschildgarnitur Kunststoff schwarz, Wechselgarnitur, oval	KBV	Entfernung: 72 mm | Vierkant / Nuss: 9 mm
0191fc3215cc723fa2e613fb4c3239da	KWS Türfeststeller mit Tretbolzen, Hub 120 mm, silberfarbig	Woelm	NULL
0191fc31fd367027922df5f332b59242	KWS Türfeststeller mit Tretbolzen, Hub 60 mm, silberfarbig	Woelm	NULL
0191fc3215c770d18e950cab73ef3852	KWS Türfeststeller mit Tretbolzen, Hub 90 mm, silberfarbig	Woelm	NULL
0191fc31fa7173f48686fb0589e5b781	Master Lock 2120EURD Notebook Schloss mit Zahlenkombination	Master Lock	NULL
0191fc31fed67121ac0ee62f71b7cd4e	Master Lock 249 Lenkradsperre	Master Lock	NULL
0191fc31fc0c72c99edbea06e3f748f4	Master Lock Schlüsselkasten 5451EURD für 5 Schlüssel	Master Lock	Verschlussart: Zahlenkombination | Produkttyp: Schlüsselkasten
0192dd8efc6a7b3693677a3006bcbd2c	Mehrschlüssel DOM ix Twinstar bei Erstbestellung	DOM	NULL
0191fc3216fd736cb39a0b8d76813a85	Mehrschlüssel Dormakaba smartkey expert plus bei Erstbestellung	Dormakaba	NULL
0191fc3215257090b2c9c91ff7eb1ebd	Mehrschlüssel ix Twido bei Erstbestellung	DOM	NULL
0191fc3215a373dba0893fb3d5b519d4	Mehrschlüssel RN bei Erstbestellung	DOM	Schließsystem: DOM RN
0191fc321710703a8d15730ebc8b396f	Mehrschlüssel Wilka 1400 bei Erstbestellung	WILKA	Schließsystem: DOM RN
019633f773fd757e8173a74d796efd3e	PEGASYS E-Trim Lockbox	SimonsVoss	NULL
0191fc31fe9571c48b79d54f5256606a	PSW-Schraubwechselstift 10x80 mm, für einseitig gebohrte Türen, mit Schraube von vorn	KBV	NULL
0191fc31fe91736398e08e7fa8a882d7	PSW-Schraubwechselstift 8x80 mm, für einseitig gebohrte Türen, mit Schraube von vorn	KBV	NULL
0191fc31fe937119b36c5b6a42245999	PSW-Schraubwechselstift 9x80 mm, für einseitig gebohrte Türen, mit Schraube von vorn	KBV	NULL
0191fc3214d271079dc5443e68867b54	Reparatur-Rohrrahmenschloss Bever Nr. 1022R, PZ gelocht, 35/10/92 mm, 24x340 mm Stulp kantig	Bever	Lochung: Profilzylinder (PZ) | Dornmaß: 35 mm | Stulplänge: 340 mm | Stulpbreite: 24 mm | Anschlagrichtung: L / R | Entfernung: 92 mm | Vierkant / Nuss: 10 mm | Stulpform: Flachstulp kantig
0191fc3214d873cdb36de10a3b8eee0c	Reparatur-Rohrrahmenschloss Bever Nr. 1022R, PZ gelocht, 40/10/92 mm, 24x340 mm Stulp kantig	Bever	Anschlagrichtung: L / R | Entfernung: 92 mm | Vierkant / Nuss: 10 mm | Stulpform: Flachstulp kantig | Lochung: Profilzylinder (PZ) | Dornmaß: 40 mm | Stulplänge: 340 mm | Stulpbreite: 24 mm
0191fc3214db71aea162abf8a00bf3a9	Reparatur-Rohrrahmenschloss Bever Nr. 1022R, PZ gelocht, 45/10/92 mm, 24x340 mm Stulp kantig	Bever	Stulplänge: 340 mm | Stulpbreite: 24 mm | Anschlagrichtung: L / R | Vierkant / Nuss: 10 mm | Entfernung: 92 mm | Stulpform: Flachstulp kantig | Lochung: Profilzylinder (PZ) | Dornmaß: 45 mm
0191fc31fcb173a99e1e844a01d7483f	Rohling für Einbausicherungen, 50 mm Stahl	ISEO	NULL
0191fc31fc3b702a99a8f5f4347397ae	Rohrrahmen-Einsteckschloss Bever Nr. 1004, Pz gelocht, 18/8/92 mm, 24x245 mm Stulp kantig	Bever	Stulplänge: 245 mm | Dornmaß: 18 mm | Entfernung: 92 mm | Stulpform: Flachstulp kantig | Vierkant / Nuss: 8 mm | Lochung: Profilzylinder (PZ) | Anschlagrichtung: L / R | Stulpbreite: 24 mm
0191fc32158c705f9c7e9b91987e0cdd	Rohrrahmen-Einsteckschloss Bever Nr. 1004, PZ gelocht, 22/8/92 mm, 24x245 mm Stulp kantig	Bever	Dornmaß: 22 mm | Entfernung: 92 mm | Vierkant / Nuss: 8 mm | Stulpform: Flachstulp kantig | Lochung: Profilzylinder (PZ) | Anschlagrichtung: L / R | Stulplänge: 245 mm | Stulpbreite: 24 mm
0191fc31fc3e71ef8f27abf5f120c265	Rohrrahmen-Einsteckschloss Bever Nr. 1004, PZ gelocht, 24/8/92 mm, 24x245 mm Stulp kantig	Bever	Vierkant / Nuss: 8 mm | Stulpform: Flachstulp kantig | Lochung: Profilzylinder (PZ) | Anschlagrichtung: L / R | Stulplänge: 245 mm | Stulpbreite: 24 mm | Dornmaß: 24 mm | Entfernung: 92 mm
0191fc32158e73e7ac90804fb0326868	Rohrrahmen-Einsteckschloss Bever Nr. 1004, PZ gelocht, 30/8/92 mm, 24x245 mm Stulp kantig	Bever	Dornmaß: 30 mm | Stulplänge: 245 mm | Stulpbreite: 24 mm | Anschlagrichtung: L / R | Entfernung: 92 mm | Vierkant / Nuss: 8 mm | Stulpform: Flachstulp kantig | Lochung: Profilzylinder (PZ)
0191fc3215917380bccaadbdc32c36ae	Rohrrahmen-Einsteckschloss Bever Nr. 1004, PZ gelocht, 35/8/92 mm, 24x245 mm Stulp kantig	Bever	Anschlagrichtung: L / R | Stulpbreite: 24 mm | Entfernung: 92 mm | Vierkant / Nuss: 8 mm | Stulpform: Flachstulp kantig | Dornmaß: 35 mm | Lochung: Profilzylinder (PZ) | Stulplänge: 245 mm
0191fc31fc4170a18e8cfe0f2098e54b	Rohrrahmen-Einsteckschloss Bever Nr. 1004, PZ gelocht, 40/8/92 mm, 24x245 mm Stulp kantig	Bever	Stulplänge: 245 mm | Stulpbreite: 24 mm | Anschlagrichtung: L / R | Entfernung: 92 mm | Stulpform: Flachstulp kantig | Lochung: Profilzylinder (PZ) | Dornmaß: 40 mm
0191fc32159473c5907d782e3bde287b	Rohrrahmen-Einsteckschloss Bever Nr. 1004, PZ gelocht, 45/8/92 mm, 24x245 mm Stulp kantig	Bever	Lochung: Profilzylinder (PZ) | Dornmaß: 45 mm | Stulplänge: 245 mm | Stulpbreite: 24 mm | Anschlagrichtung: L / R | Entfernung: 92 mm | Vierkant / Nuss: 8 mm | Stulpform: Flachstulp kantig
0191fc3214bb709d9b36c5e7ac27c9f8	Rohrrahmen-Einsteckschloss BKS Nr. 1314, PZ gelocht, 25/8/92 mm, 24x245 mm Stulp eckig	BKS	Stulpform: Flachstulp eckig | Vierkant / Nuss: 8 mm | Lochung: Profilzylinder (PZ) | Entfernung: 92 mm | Stulplänge: 245 mm | Stulpbreite: 24 mm | Anschlagrichtung: L / R | Dornmaß: 25 mm
0191fc3214c271a38031e582e55fb6d9	Rohrrahmen-Einsteckschloss BKS Nr. 1314, PZ gelocht, 30/8/92 mm, 24x245 mm Stulp eckig	BKS	Dornmaß: 30 mm | Stulplänge: 245 mm | Stulpbreite: 24 mm | Anschlagrichtung: L / R | Entfernung: 92 mm | Vierkant / Nuss: 8 mm | Stulpform: Flachstulp eckig | Lochung: Profilzylinder (PZ)
0191fc3214c671f086e74ff18916b026	Rohrrahmen-Einsteckschloss BKS Nr. 1314, PZ gelocht, 35/8/92 mm, 24x245 mm Stulp eckig	BKS	Entfernung: 92 mm | Vierkant / Nuss: 8 mm | Stulpform: Flachstulp eckig | Lochung: Profilzylinder (PZ) | Dornmaß: 35 mm | Stulplänge: 245 mm | Stulpbreite: 24 mm | Anschlagrichtung: L / R
0191fc3214ca713fbcc6d977a8a9d08e	Rohrrahmen-Einsteckschloss BKS Nr. 1314, PZ gelocht, 40/8/92 mm, 24x245 mm Stulp eckig	BKS	Dornmaß: 40 mm | Stulplänge: 245 mm | Stulpbreite: 24 mm | Anschlagrichtung: L / R | Entfernung: 92 mm | Vierkant / Nuss: 8 mm | Stulpform: Flachstulp eckig | Lochung: Profilzylinder (PZ)
0191fc3214ce70d6acf0b2ecee22afa7	Rohrrahmen-Einsteckschloss BKS Nr. 1314, PZ gelocht, 45/8/92 mm, 24x245 mm Stulp eckig	BKS	Anschlagrichtung: L / R | Entfernung: 92 mm | Vierkant / Nuss: 8 mm | Stulpform: Flachstulp eckig | Lochung: Profilzylinder (PZ) | Dornmaß: 45 mm | Stulplänge: 245 mm | Stulpbreite: 24 mm
0191fc31fd8d73c9a3a14ffa28b341ef	Rohrrahmen-Riegelschloss, PZ gelocht, Reparaturstulp 24x268 mm, Dorn 30 mm, Bever 1011R	Bever	Anschlagrichtung: L / R | Stulpform: kantig | Dornmaß: 30 mm | Lochung: Profilzylinder (PZ) | Stulplänge: 268 mm | Stulpbreite: 24 mm
0191fc31fd90701d9e76e544df25feb0	Rohrrahmen-Riegelschloss, PZ gelocht, Reparaturstulp 24x268 mm, Dorn 35 mm, Bever 1011R	Bever	Lochung: Profilzylinder (PZ) | Dornmaß: 35 mm | Stulplänge: 268 mm | Stulpbreite: 24 mm | Anschlagrichtung: L / R | Stulpform: kantig
0191fc31fe6972a589efc0ba8db0d985	Rohrrahmen-Riegelschloss, PZ gelocht, Reparaturstulp 24x268 mm, Dorn 40 mm, Bever 1011R	Bever	Stulpform: kantig | Lochung: Profilzylinder (PZ) | Dornmaß: 40 mm | Stulplänge: 268 mm | Stulpbreite: 24 mm | Anschlagrichtung: L / R
0191fc3215fb721f9d0d9f39a5e3cb0e	Rohrrahmenschloss Nr. 49N PZW, Stulp 16x245 mm, Dorn 30 mm, links / rechts verwendbar, KFV 3469509	KFV	Stulplänge: 245 mm | Stulpbreite: 16 mm | Anschlagrichtung: L / R | Entfernung: 92 mm | Vierkant / Nuss: 10 mm | Stulpform: kantig | Lochung: Profilzylinder (PZ) | Dornmaß: 30 mm
0191fc31fd8171499fbaa542d8ff6cd7	Rohrrahmenschloss Nr. 49N PZW, Stulp 16x245 mm, Dorn 35 mm, links / rechts verwendbar, KFV	KFV	Stulplänge: 245 mm | Stulpbreite: 16 mm | Anschlagrichtung: L / R | Entfernung: 92 mm | Vierkant / Nuss: 10 mm | Stulpform: kantig | Lochung: Profilzylinder (PZ) | Dornmaß: 35 mm
0191fc3216037294b8f37ae3410dfb6e	Rohrrahmenschloss Nr. 49N PZW, Stulp 16x245 mm, Dorn 45 mm, links / rechts verwendbar, KFV 3469521	KFV	Dornmaß: 45 mm | Stulplänge: 245 mm | Stulpbreite: 16 mm | Anschlagrichtung: L / R | Entfernung: 92 mm | Vierkant / Nuss: 10 mm | Stulpform: kantig | Lochung: Profilzylinder (PZ)
0191fc321606709281412c326afb3b2b	Rohrrahmenschloss Nr. 49N PZW, Stulp 16x245 mm, Dorn 65 mm, links / rechts verwendbar, KFV 3474910	KFV	Entfernung: 92 mm | Vierkant / Nuss: 10 mm | Stulpform: kantig | Lochung: Profilzylinder (PZ) | Dornmaß: 65 mm | Stulplänge: 245 mm | Stulpbreite: 16 mm | Anschlagrichtung: L / R
0191fc31fd86720f86738627c3bd6eca	Rohrrahmenschloss Nr. 49N PZW, Stulp 16x280 mm, Dorn 30 mm, links/rechts verwendbar, KFV 3474057	KFV	Vierkant / Nuss: 10 mm | Stulpform: kantig | Lochung: Profilzylinder (PZ) | Dornmaß: 30 mm | Stulplänge: 280 mm | Stulpbreite: 16 mm | Anschlagrichtung: L / R | Entfernung: 92 mm
0191fc32160a72dd9d97bdf37ad72612	Rohrrahmenschloss Nr. 49N PZW, Stulp 16x280 mm, Dorn 35 mm, links/rechts verwendbar, KFV 3474057	KFV	Dornmaß: 35 mm | Stulpbreite: 16 mm | Stulplänge: 280 mm | Anschlagrichtung: L / R | Entfernung: 92 mm | Vierkant / Nuss: 10 mm | Lochung: Profilzylinder (PZ) | Stulpform: kantig
0191fc32160071f68e84dc9ea1caaaac	Rohrrahmenschloss Nr. 49N PZW, Stulp 16x280 mm, Dorn 40 mm, links/rechts verwendbar, KFV 3474483	KFV	Vierkant / Nuss: 10 mm | Lochung: Profilzylinder (PZ) | Stulpform: kantig | Dornmaß: 40 mm | Stulplänge: 280 mm | Anschlagrichtung: L / R | Stulpbreite: 16 mm | Entfernung: 92 mm
0191fc32160d71bf8dc585ae64385394	Rohrrahmenschloss Nr. 49N PZW, Stulp 16x280 mm, Dorn 45 mm, links/rechts verwendbar, KFV 3474057	KFV	Anschlagrichtung: L / R | Entfernung: 92 mm | Vierkant / Nuss: 10 mm | Stulpform: kantig | Lochung: Profilzylinder (PZ) | Dornmaß: 45 mm | Stulplänge: 280 mm | Stulpbreite: 16 mm
0191fc3216107193a54e57396413694a	Rohrrahmenschloss Nr. 49N PZW, Stulp 16x280 mm, Dorn 55 mm, links/rechts verwendbar, KFV 3474057	KFV	Lochung: Profilzylinder (PZ) | Entfernung: 92 mm | Stulplänge: 280 mm | Stulpbreite: 16 mm | Anschlagrichtung: L / R | Dornmaß: 55 mm | Vierkant / Nuss: 10 mm | Stulpform: kantig
0191fc32161372ef885c72f1e6cc6b9c	Rohrrahmenschloss Nr. 49N PZW, Stulp 16x280 mm, Dorn 65 mm, links/rechts verwendbar, KFV 3474057	KFV	Anschlagrichtung: L / R | Entfernung: 92 mm | Stulpform: kantig | Vierkant / Nuss: 10 mm | Lochung: Profilzylinder (PZ) | Dornmaß: 65 mm | Stulpbreite: 16 mm | Stulplänge: 280 mm
0191fc31fd7972b1b80f5831e7d16ef4	Rohrrahmenschloss, Stulp 24x244 mm, Dorn 30 mm, links / rechts umlegbar	Bever	Anschlagrichtung: L / R | Entfernung: 72 mm | Vierkant / Nuss: 8 mm | Stulpform: kantig | Lochung: Profilzylinder (PZ) | Dornmaß: 30 mm | Stulplänge: 244 mm | Stulpbreite: 24 mm
0191fc31fd7e72afb3d064db2dd89acd	Rohrrahmenschloss, Stulp 24x244 mm, Dorn 40 mm, links / rechts umlegbar	Bever	Vierkant / Nuss: 8 mm | Stulpform: kantig | Lochung: Profilzylinder (PZ) | Dornmaß: 40 mm | Stulplänge: 244 mm | Stulpbreite: 24 mm | Anschlagrichtung: L / R | Entfernung: 72 mm
0191fc321659733aa68aabca7df54451	RONIS Hebelzylinder, inkl. 2 Schlüssel	Wilhelm Kessler	NULL
0191fc31fe8373b6bf8edefefa56ffd8	Rosettengarnitur Häfele "Startec" PDH4102, BAD/WC, Nuss 8 mm, Ø 55 mm, Edelstahl, U-Form-Drücker	Häfele	Vierkant / Nuss: 8 mm | Langschild / Rosette: Rosette
0191fc3216bb7285a37577d0b756e2a0	Rosettengarnitur Häfele "Startec" PDH4102, PZ, Nuss 8 mm, Ø 55 mm, Edelstahl, U-Form-Drücker	Häfele	Langschild / Rosette: Rosette
0191fc3216a273c6bbb03d7cc6058f1f	Rosettengarnitur Häfele "Startec" PDH4103, BAD/WC, Nuss 8 mm, Ø 55 mm, Edelstahl, L-Form-Drücker	Häfele	Vierkant / Nuss: 8 mm | Langschild / Rosette: Rosette
0191fc3216a67367b9a66c28d3686a37	Rosettengarnitur Häfele "Startec" PDH4103, PZ, Nuss 8 mm, Ø 55 mm, Edelstahl, L-Form-Drücker	Häfele	Vierkant / Nuss: 8 mm | Langschild / Rosette: Rosette
0191fc31fbd570cd9e9b11f6d1b5b542	Rosettengarnitur Hoppe "New York" 1810/42KV/42KVS, BAD/WC, Nuss 8 mm, Ø 52 mm, F1	Hoppe	Vierkant / Nuss: 8mm | Langschild / Rosette: Rosette
0191fc31fbd97329baffe32b9aa55a3e	Rosettengarnitur Hoppe "New York" 1810/42KV/42KVS, BB, Nuss 8 mm, Ø 52 mm, F1	Hoppe	Langschild / Rosette: Rosette | Vierkant / Nuss: 8 mm
0191fc321468721193c691f4e2b7cfc4	Rosettengarnitur Hoppe "New York" 1810/42KV/42KVS, PZ, Nuss 8 mm, Ø 52 mm, F1	Hoppe	Vierkant / Nuss: 8 mm | Langschild / Rosette: Rosette
0191fc32146b713b8817390be8267e7a	Rosettengarnitur Lienbacher 50.01.041.0, BB, Nuss 8 mm, Ø 52 mm, Edelstahl, U-Form-Drücker	Lienbacher	Vierkant / Nuss: 8 mm | Langschild / Rosette: Rosette
0191fc32146f707b820cfb0bd604ce0e	Rosettengarnitur Lienbacher 50.01.043.0, PZ, Nuss 8 mm, Ø 52 mm, Edelstahl, U-Form-Drücker	Lienbacher	Langschild / Rosette: Rosette | Vierkant / Nuss: 8 mm
0191fc3214737047901d76d85401436a	Rosettengarnitur Lienbacher 50.01.047.0, BAD/WC, Nuss 8 mm, Ø 52 mm, Edelstahl, U-Form-Drücker	Lienbacher	Langschild / Rosette: Rosette | Vierkant / Nuss: 8 mm
0191fc321476723f91616d7633ca09e7	Rosettengarnitur Lienbacher 50.03.041.0, BB, Nuss 8 mm, Ø 52 mm, Edelstahl, L-Form-Drücker	Lienbacher	Langschild / Rosette: Rosette | Vierkant / Nuss: 8 mm
0191fc32147a7206abf52e503d16e6e9	Rosettengarnitur Lienbacher 50.03.043.0, PZ, Nuss 8 mm, Ø 52 mm, Edelstahl, L-Form-Drücker	Lienbacher	Langschild / Rosette: Rosette | Vierkant / Nuss: 8 mm
0191fc32147d70da8e7b14ff2377b6e9	Rosettengarnitur Lienbacher 50.03.047.0, BAD/WC, Nuss 8 mm, Ø 52 mm, Edelstahl, L-Form-Drücker	Lienbacher	Langschild / Rosette: Rosette | Vierkant / Nuss: 8 mm
019bc1b088557f779949b98d02dfb24c	SALTO Ersatzkabel für PPD 800 & PPD 200	Salto	NULL
019bc5c113d77ba4a1bf00d4765e5de6	SALTO Gehäuseschlüssel für XS4 MINI 	Salto	NULL
019bc12d45c57487935a3f755c47a5c7	SALTO Neo Montageschlüssel	Salto	NULL
019bc20b4c6b7048b1b2dec77bc99173	SALTO Schlüssel für Batteriewechsel SALTO Neoxx Vorhangschloss	Salto	NULL
019bc5fa0b777102a2ee68b55da3cf9e	Salto-Ersatzkabel für XS4-Beschläge	Salto	NULL
019493c935fc71088393922fd2a27db6	Schake Durchgangs- und Parkplatzsperre 471FUB	Schake	NULL
0191fc31fcf57184a784eb76052391fa	Schiebetürschloss mit Hakenfalle, Entfernung 55 mm, Dornmaß 55 mm	Bever	Stulpbreite: 20 mm | Entfernung: 154 mm | Vierkant / Nuss: 9 mm | Stulpform: kantig | Lochung: Profilzylinder (PZ) | Dornmaß: 55 mm | Stulplänge: 180 mm
0191fc32168c72e5b50292451e5ef25c	Schloss (lose) für Schlosskasten, PZ gelocht, Stulp 24x167 mm, für 30 mm Rohr, Bever 360P	Bever	Stulpform: kantig | Vierkant / Nuss: 8 mm | Lochung: Profilzylinder (PZ) | Dornmaß: 60 mm | Stulplänge: 167 mm | Stulpbreite: 24 mm | Anschlagrichtung: L / R | Entfernung: 72 mm
0191fc31feee70f6a6247865ad7c3722	Schloss (lose) für Schlosskasten, PZ gelocht, Stulp 28,5x167 mm, für 34 mm Rohr, Bever 364P	Bever	NULL
0191fc32168e72bbad8e6f367ff22d2b	Schloss (lose) für Schlosskasten, PZ gelocht, Stulp 33x167 mm, für 40 mm Rohr, Bever 460P	Bever	Dornmaß: 60 mm | Stulplänge: 167 mm | Stulpbreite: 33 mm | Anschlagrichtung: L / R | Entfernung: 72 mm | Vierkant / Nuss: 8 mm | Stulpform: kantig | Lochung: Profilzylinder (PZ)
0191fc31fe7070b2a9c9da33acd99db5	Schloss (lose) für Schlosskasten, PZ gelocht, Stulp 43x167 mm, für 50 mm Rohr, Bever 560P	Bever	Stulplänge: 167 mm | Stulpbreite: 43 mm | Entfernung: 72 mm | Anschlagrichtung: L / R | Vierkant / Nuss: 8 mm | Stulpform: kantig | Lochung: Profilzylinder (PZ) | Dornmaß: 60 mm
0191fc32169170d79922327edc89f83c	Schloss (lose) für Schlosskasten, PZ gelocht, Stulp 53x167 mm, für 60 mm Rohr, Bever 660P	Bever	Entfernung: 72 mm | Vierkant / Nuss: 8 mm | Stulpform: kantig | Lochung: Profilzylinder (PZ) | Dornmaß: 60 mm | Stulplänge: 167 mm | Stulpbreite: 53 mm | Anschlagrichtung: L / R
0191fc320401706e9f18a4265e29cafd	Schloss und Gehäuse 340341P PZW 40/72/8	Bever	NULL
0191fc320403739f944a85a3d4132408	Schlosskasten 300301P kompl. für 30mm	Bever	NULL
0191fc320405718ea01495ef43e8156e	Schlosskasten kompl. für 40mm	Bever	NULL
0191fc32162870b88c5c43591f027fc8	Schlosskasten komplett, Schloss und Gehäuse, PZ gelocht, Stulp 24x167 mm, für 30 mm Rohr, Bever 3603	Bever	Lochung: Profilzylinder (PZ) | Stulpform: kantig | Dornmaß: 60 mm | Stulpbreite: 24 mm | Stulplänge: 167 mm | Anschlagrichtung: L / R | Entfernung: 72 mm | Vierkant / Nuss: 8 mm
0191fc31feeb709b817d5b2ad55e1681	Schlosskasten komplett, Schloss und Gehäuse, PZ gelocht, Stulp 28,5x167 mm, für 34 mm Rohr, Bever 36	Bever	NULL
0191fc31fe6e73b29612c80ca63b1d9a	Schlosskasten komplett, Schloss und Gehäuse, PZ gelocht, Stulp 43x167 mm, für 50 mm Rohr, Bever 3603	Bever	Stulpform: kantig | Lochung: Profilzylinder (PZ) | Dornmaß: 60 mm | Stulplänge: 167 mm | Stulpbreite: 43 mm | Anschlagrichtung: L / R | Entfernung: 72 mm | Vierkant / Nuss: 8 mm
0191fc31fe2f7295ac2f89362d35f646	Schlüsselsafe, vorgerichtet für Profilhalbzylinder	KBV	Verschlussart: Profilzylinder | Produkttyp: Schlüsseltresor
0191fc321678715c96a067d75a987617	Schmalrahmen-Drückergarnitur edi "KRONOS" 1300/0035/01, 92 mm PZ, Nuss 8 mm, Profiltürgarnitur, F1	EDI	Vierkant / Nuss: 8 mm | Entfernung: 92 mm
0191fc32167371b38533fc72757f6355	Schmalrahmen-Wechselgarnitur edi "KRONOS" 1300/2035/01, 92 mm PZ, Nuss 8 mm, Profiltürgarnitur, F1	EDI	Langschild / Rosette: Langschild | Entfernung: 92 mm | Vierkant / Nuss: 8 mm
0191fc31fe64717bbb9d11d11a0ba0b8	Schutz-Drückergarnitur edi "LANA" 8756/7203/02, PZ 72 mm, Nuss 8 mm, Schild 12 mm, TS 35–45 mm, F2,	EDI	Entfernung: 72 mm | Vierkant / Nuss: 8 mm
0191fc321688728eb8c33c5720dd1fe8	Schutz-Drückergarnitur edi "LANA" 8756/9203/02, PZ 92 mm, Nuss 10 mm, Schild 12 mm, TS 65–75 mm, F2,	EDI	Vierkant / Nuss: 10 mm | Langschild / Rosette: Schutzlangschild | Entfernung: 92 mm
0191fc32169871c682e0d4a0286b877e	Schutz-Drückergarnitur edi "LOGO" 8743/0292, PZ 92 mm, ZA, Nuss 10 mm, Schutzlangschild, Edelstahl	EDI	Entfernung: 92 mm | Vierkant / Nuss: 10 mm | Langschild / Rosette: Schutzlangschild
0191fc31fe6271859ea36d1388e3884a	Schutz-Drückergarnitur edi "LOGO" 8743/7203, PZ 72 mm, Nuss 8 mm, Schutzlangschild, Edelstahl	EDI	Entfernung: 72 mm | Vierkant / Nuss: 8 mm | Langschild / Rosette: Schutzlangschild
0191fc32167a72c8a653dc2b94bff974	Schutz-Drückergarnitur edi "LOGO" 8743/9203, PZ 92 mm, Nuss 10 mm, Schutzlangschild, Edelstahl	EDI	Vierkant / Nuss: 10 mm | Langschild / Rosette: Schutzlangschild | Entfernung: 92 mm
0191fc32148672139e08d135050cf820	Schutz-Drückergarnitur Hoppe "Birmingham" 1117/2221A/2440, 72 mm PZ, Nuss 8 mm, Schutzlangschild, F1	Hoppe	Vierkant / Nuss: 8 mm | Langschild / Rosette: Schutzlangschild | Entfernung: 72 mm
0191fc32148a713c81eb19fa6b83ea9d	Schutz-Drückergarnitur Hoppe "Birmingham" 1117/2221A/2440, 72 mm PZ, Nuss 8 mm, Schutzlangschild, F2	Hoppe	Entfernung: 72 mm | Vierkant / Nuss: 8 mm | Langschild / Rosette: Schutzlangschild
0191fc32148e7228b27b24b724bf0294	Schutz-Drückergarnitur Hoppe "Birmingham" 1117/2221A/2440, 92 mm PZ, Nuss 10 mm, Schutzlangschild, F	Hoppe	Langschild / Rosette: Schutzlangschild | Entfernung: 92 mm | Vierkant / Nuss: 10 mm
0191fc321492720699625d71c8cf3adf	Schutz-Drückergarnitur Hoppe "Birmingham" 1117/2221A/2440, 92 mm PZ, Nuss 10 mm, Schutzlangschild, F	Hoppe	Vierkant / Nuss: 10 mm | Langschild / Rosette: Schutzlangschild | Entfernung: 92 mm
0191fc31fbfb739d92e4e9a167d148ef	Schutz-Drückergarnitur Hoppe "New York" 1810H/3331/3410, 92 mm PZ, Nuss 10 mm, Schutzlangschild, F1	Hoppe	NULL
0191fc32168270e3a8a1057e21ab2df3	Schutz-Wechselgarnitur edi "LANA" 8756/0772/02, PZ 72 mm, Nuss 8 mm, Schild 12 mm, TS 35–45 mm, F2,	EDI	Entfernung: 72 mm | Vierkant / Nuss: 8 mm
0191fc32168570c39e98f4c4dfc534ec	Schutz-Wechselgarnitur edi "LANA" 8756/0792/02, PZ 92 mm, Nuss 10 mm, Schild 12 mm, TS 65–75 mm, F2,	EDI	Langschild / Rosette: Schutzlangschild | Entfernung: 92 mm | Vierkant / Nuss: 10 mm
0191fc32167d7030aa3e45a63a98944d	Schutz-Wechselgarnitur edi "LOGO" 8743/0272, PZ 72 mm, Nuss 8 mm, Schutzlangschild, Edelstahl	EDI	Entfernung: 72 mm | Typ: Wechselgarnitur (Knauf/Drücker) | Farbe: Edelstahl matt | Anschlagrichtung: DIN links / rechts | Vierkant / Nuss: 8 mm | Lochung: Profilzylinder (PZ) | Ausführung: Schutz-Langschild
0191fc32168070b4849f5096a99775f4	Schutz-Wechselgarnitur edi "LOGO" 8743/0292, PZ 92 mm, Nuss 10 mm, Schutzlangschild, Edelstahl	EDI	Langschild / Rosette: Schutzlangschild | Entfernung: 92 mm | Vierkant / Nuss: 10 mm
0191fc32169a731898a5247ae6dc9301	Schutz-Wechselgarnitur edi "LOGO" 8745/0292, PZ 92 mm, ZA, Nuss 10 mm, Schutzlangschild, Edelstahl	EDI	Entfernung: 92 mm | Vierkant / Nuss: 10 mm
0191fc31fbe3701c8fc768d2e21beb7d	Schutz-Wechselgarnitur Hoppe "Birmingham" 78G/2221A/2440/1117, 72 mm PZ, Nuss 8 mm, Schutz-Langschil	Hoppe	Vierkant / Nuss: 8 mm | Langschild / Rosette: Schutzlangschild | Entfernung: 72 mm
0191fc3214817022866d284eedf71643	Schutz-Wechselgarnitur Hoppe "Birmingham" 78G/2221A/2440/1117, 72 mm PZ, Nuss 8 mm, Schutz-Langschil	Hoppe	Langschild / Rosette: Schutzlangschild | Entfernung: 72 mm | Vierkant / Nuss: 8 mm
0191fc31fbe573b9ae7fd4c75db43b90	Schutz-Wechselgarnitur Hoppe "Birmingham" 78G/2221A/2440/1117, 92 mm PZ, Nuss 10 mm, Schutz-Langschi	Hoppe	Entfernung: 92 mm | Vierkant / Nuss: 10 mm | Langschild / Rosette: Schutzlangschild
0191fc31fbf173bba11021ed4e7efc4c	Schutz-Wechselgarnitur Hoppe "Birmingham" 78G/2221A/2440/1117, 92 mm PZ, Nuss 10 mm, Schutz-Langschi	Hoppe	Langschild / Rosette: Schutzlangschild | Entfernung: 92 mm | Vierkant / Nuss: 10 mm
0191fc31fbf871d2a456ace535c8d472	Schutz-Wechselgarnitur Hoppe "New York" 76G/3331/3410/1810H, 72 mm PZ, Nuss 8 mm, Schutzlangschild,	Hoppe	Vierkant / Nuss: 8 mm | Langschild / Rosette: Schutzlangschild | Entfernung: 72 mm
0191fc31fbfe701fbdd5fee9e7648417	Schutz-Wechselgarnitur Hoppe "New York" 76G/3331/3410/1810H, 92 mm PZ, Nuss 10 mm, Schutzlangschild,	Hoppe	Langschild / Rosette: Schutzlangschild | Entfernung: 92 mm | Vierkant / Nuss: 10 mm
0191fc31fc2673ba9951d073fe798a08	Schutzrosette mit Zylinderabdeckung 9M28  Silberfarben Messing, Matt gebürstet	IKON	NULL
0191fc32178772069c50a92a4a3b307e	Silca Rohling ABUS AB1X	Silca	Rohling für ...: Abus
0191fc3217827248be5f2676430ffbf4	Silca Rohling ABUS AB3	Silca	Rohling für ...: Abus
0191fc32003e7124b23112a83c354789	Silca Rohling ABUS AB76	Silca	Rohling für ...: Abus
0191fc32179270d781215e24938e9001	Silca Rohling ABUS CS85	Silca	Rohling für ...: Abus
0191fc320044723d93e5e2ff5fab8b55	Silca Rohling Burg BUR20	Silca	Rohling für ...: Burg
0191fc3217957383b3728143cb90f9fa	Silca Rohling Burg BUR21	Silca	Rohling für ...: Burg
0191fc32006f72e98ade987e2e11e431	Silca Rohling Burg BUR24R	Silca	Rohling für ...: Burg
0191fc32006d71b8bf9744eca9146b0b	Silca Rohling Burg BUR29	Silca	Rohling für ...: Burg
0191fc32179b72ee84cb166c3b947259	Silca Rohling CES CE2X	Silca	Rohling für ...: CES
0191fc3217a171fba8f764c8150aa0f1	Silca Rohling CES CE4	Silca	Rohling für ...: CES
0191fc32179e71a2b0e5b30e50be4320	Silca Rohling CES CE41	Silca	Rohling für ...: CES
0191fc32004a710abdcda903317dbdd6	Silca Rohling CES CE6	Silca	Rohling für ...: CES
0191fc32006b7243b41ea676532966b3	Silca Rohling DOM DM16	Silca	Rohling für ...: DOM
0191fc3217b27389b25bbe9a27719cd3	Silca Rohling DOM DM17	Silca	Rohling für ...: DOM
0191fc32006971deb9d49feefad38ed1	Silca Rohling DOM DM3X	Silca	Rohling für ...: DOM
0191fc320048734290af5d0ab72d840b	Silca Rohling DOM DM8	Silca	Rohling für ...: DOM
0191fc3200467382a61490d85eacf107	Silca Rohling DOM119	Silca	Rohling für ...: DOM
0191fc321798726982b74a5bb9266d66	Silca Rohling DOM14	Silca	Rohling für ...: DOM
019488e8b7dd739995eb8df3dce22efc	Silca Rohling EU1R für Euro Locks	Silca	Rohling für ...: EURO LOCKS
019488f189b271df90101f241e1b78fd	Silca Rohling EV10X für EVVA	Silca	Rohling für ...: EVVA
019488fca99779e39667d9ab591260a9	Silca Rohling EVVA EV69X	Silca	Rohling für ...: EVVA
0191fc32178a7229ae8a61f5d3c0a942	Silca Rohling für ABUS AB2	Silca	Rohling für ...: Abus
0191fc3217907178b5be68ab4389093f	Silca Rohling für BASI BAI1	Silca	Rohling für ...: Basi
019488b738ff7852b1e710a590130e67	Silca Rohling für BKS BK15X	Silca	Rohling für ...: BKS
019488af2bca7f3cade810d9f04860e2	Silca Rohling für BKS BK1X	Silca	Rohling für ...: BKS
0191fc320041732890ee093d8f4639d9	Silca Rohling für Wilka WK1	Silca	Rohling für ...: Wilka
0191fc32178d73f38b3141c4c9ab7588	Silca Rohling für Wilka WK55	Silca	Rohling für ...: Wilka
01948d7fe8a370b898b2ea7dd743878e	Silca Rohling HEKNA HN1	Silca	Rohling für ...: HEKNA
01948d6b8ec87906a0ff83bec3c5b5f8	Silca Rohling HF75R 	Silca	Rohling für ...: HÄFELE
01948d87f67c7c5bbefe9aac8addfb6f	Silca Rohling HPP1R 	Silca	Rohling für ...: Burg | Rohling für ...: Hoppe
01948908030e7569af932a023e66574f	Silca Rohling HUWIL HW4R 	Silca	Rohling für ...: HUWIL
01948920ca0a7b5893c397ea64235f7e	Silca Rohling Iseo IE27R	Silca	Rohling für ...: ISEO
01948e8b5f1a78779cb2e5e6546652e9	Silca Rohling Iseo IE6X	Silca	Rohling für ...: ISEO
01948e15cf657d069c982c8e81f196bf	Silca Rohling JU11	Silca	Rohling für ...: JU
01948e40470e7a3aac55edf27ac0c515	Silca Rohling JU11R	Silca	Rohling für ...: JU
01948e4bb8bb782eb60c65ffb362054a	Silca Rohling JU12	Silca	Rohling für ...: JU
01948e56ca8f79eea552cfc05f81a81f	Silca Rohling JU13R	Silca	Rohling für ...: JU
01948dd7d43e78a88cdaf4778d386070	Silca Rohling JUNIE JU1	Silca	Rohling für ...: JUNIE
01948e62939d76af831f53f0f33d9744	Silca Rohling LAS LS11	Silca	Rohling für ...: LAS
0194897b954f7d94a3aa67875835eab2	Silca Rohling LAS LS13	Silca	Rohling für ...: LAS
019489406f797bf783a889430f2d9b03	Silca Rohling Lowe & Fletcher  LF23R 	Silca	Rohling für ...: L&F
01948990512b7c10a43b6d65eebd5be6	Silca Rohling MLM1	Silca	Rohling für ...: MLM
01948ce348f5724c9c319e0ca18645fa	Silca Rohling RENZ REN1	Silca	Rohling für ...: RENZ
01948cf6bc2b7c729e8df4ced1a634cb	Silca Rohling RENZ REN5R	Silca	Rohling für ...: RENZ
01948d00ebc079ddbed65d89ded1f981	Silca Rohling TOK-WINKHAUS TO114RX	Silca	Rohling für ...: TOK-WINKHAUS
01948d13c9127f979ae101e818d84d3a	Silca Rohling TOK-WINKHAUS TO30RX	Silca	Rohling für ...: TOK-WINKHAUS
01948d1f1ccc7294afb950a73cc08677	Silca Rohling TOP1RX 	Silca	Rohling für ...: TOP | Rohling für ...: Abus
01948d3cf41272f1a2bda36d52aedd98	Silca Rohling UNIVERSAL UL050X	Silca	NULL
01948d6070247a7cac3703d12b83b430	Silca Rohling UNIVERSAL UL051X	Silca	NULL
01948e7256107cc881239f5dbd314753	Silca Rohling VAC2	Silca	Rohling für ...: Vachette
01948e807fb075c29cd14fc82d059d18	Silca Rohling ZE1X	Silca	NULL
0191fc32014873ad8c426730d166142e	SimonsVoss Externes Steckernetzteil 12 VDC / 500 mA / 6 VA	SimonsVoss	NULL
0191fc32015872f789d2922bda15147a	SimonsVoss MobileKey Starter-Set1	SimonsVoss	NULL
0191fc32015a7099a4ee606df8bb74de	SimonsVoss MobileKey Starter-Set2	SimonsVoss	NULL
019343f7c34d713baa9f63dface14a0c	SimonsVoss Schutzgehäuse für das SmartRelais 2	SimonsVoss	NULL
0193439942f77d4195e21fc3deafae4b	SimonsVoss SmartCard Leser intern	SimonsVoss	NULL
0191fc3216ac73c3ac375a00d592e376	SSF WC-Einsteckschloss ES 10 55/78/8 Stulp 18x235mm rd. silber Din Links	SSF	NULL
0191fc32163c73c9b738478cc7706f58	Torfeststeller TFS 85	GSG	NULL
0191fc31fe5a70b9a9ff432108bcefac	Tortreibriegel TR 13, ohne Stange, 13 mm	PLANO	NULL
0191fc31fca472ba9d12f7ce75068c76	Türfeststeller mit Tretbolzen, Hub 30 mm, silberfarbig	Fridavo	NULL
0191fc3215c271dba37804617eaea41f	Türfeststeller mit Tretbolzen, Hub 30 mm, weiß	Fridavo	NULL
0191fc321723727a8e9f376d7b418710	Türpuffer, Aluminium F1, FSB 3884	FSB	NULL
0191fc31fe1571b6bad75f7fda3629fe	Türpuffer, Edelstahl matt, FSB 3884	FSB	NULL
0191fc321633730e9c6e78492b6d39ac	Türpuffer, FSB 3881	FSB	NULL
0191fc3215ba73ca8437835ad60c11aa	Türspion, verchromt, 200 Grad, 14 mm, für Türstärke 35–60 mm	BMB	NULL
0191fc31fd177159afceb19af7644403	Türspionverlängerung, 20 mm	BMB	NULL
0191fc31fa3d72f1a3df2ded7a3bc518	TwinStar Hebelzylinder	DOM	NULL
0191fc321621738a84cd9850062aa4e1	Universal-Kastenschloss mit hebender Falle, BB gelocht, links / rechts verwendbar, einwärts / auswär	Bever	Vierkant / Nuss: 8 mm | Entfernung: 55 mm | Lochung: Buntbart (BB) | Anschlagrichtung: L / R
0191fc32161e71148c32d539a6f70bd1	Universal-Kastenschloss mit hebender Falle, PZ gelocht, links / rechts verwendbar, einwärts / auswär	Bever	Lochung: Profilzylinder (PZ) | Anschlagrichtung: L / R | Vierkant / Nuss: 8 mm | Entfernung: 55 mm
0191fc31fe5370aea6b6361ad564f320	Vierkant Dornschlüssel, 10 mm	KBV	NULL
0191fc31fe4a7054bb05dcc38460e715	Vierkant Dornschlüssel, 7 mm	KBV	NULL
0191fc31fe4c73e3831789b9e6d40d83	Vierkant Dornschlüssel, 8 mm		NULL
0191fc31fe4f711d8dff44557533da3f	Vierkant Dornschlüssel, 9 mm	BASI	NULL
0191fc31fe8d7312a5c726578ade05f3	Vollstift 10x120 mm	KBV	NULL
0191fc31fe8f714db0dc86e08089d10a	Vollstift 10x160 mm	KBV	NULL
0191fc31fe867165a7d08dc24a1b1022	Vollstift 8x160 mm	KBV	NULL
0191fc31fe8870088e9a379a0cc426f8	Vollstift 9x120 mm	KBV	NULL
0191fc31fe8a72fe8e9029c8468d19cd	Vollstift 9x160 mm	KBV	NULL
0191fc32003371cf8bc1acfb250292fe	WC-/Bad-Modul für PZ-vorgerichtete Türen	Schnegel	NULL
0191fc31fc3771f293b48a6cfd6c4832	Zimmertür-Einsteckschloss BMH Nr. 1, BAD/WC, 55/8+8/78 mm, 18x235 mm Stulp rund, DIN links	BMH	Stulpbreite: 18 mm | Entfernung: 78 mm | Dornmaß: 55 mm | Verwendung: Zimmertür | Stulpform: Flachstulp rund/oval | Lochung: Badezelle (BAD/WC) | Anschlagrichtung: L | Vierkant / Nuss: 8 mm + 8 mm | Stulplänge: 235 mm
0191fc32154f7290ab44e763622a1eaf	Zimmertür-Einsteckschloss BMH Nr. 1, BAD/WC, 55/8+8/78 mm, 18x235 mm Stulp rund, DIN rechts	BMH	Entfernung: 78 mm | Dornmaß: 55 mm | Verwendung: Zimmertür | Stulpform: Flachstulp rund/oval | Lochung: Badezelle (BAD/WC) | Anschlagrichtung: R | Vierkant / Nuss: 8 mm + 8 mm | Stulplänge: 235 mm | Stulpbreite: 18 mm
0191fc32154571388c96f0c5c7699bd9	Zimmertür-Einsteckschloss BMH Nr. 1, BAD/WC, 55/8+8/78 mm, 20x235 mm Stulp rund, DIN links	BMH	Stulpbreite: 20 mm | Entfernung: 78 mm | Dornmaß: 55 mm | Verwendung: Zimmertür | Stulpform: Flachstulp rund/oval | Anschlagrichtung: DIN L | Lochung: Badezelle (BAD/WC) | Vierkant / Nuss: 8 mm + 8 mm | Stulplänge: 235 mm
0191fc321548701eb57e6e3481e1f3e1	Zimmertür-Einsteckschloss BMH Nr. 1, BAD/WC, 55/8+8/78 mm, 20x235 mm Stulp rund, DIN rechts	BMH	Stulpbreite: 20 mm | Entfernung: 78 mm | Dornmaß: 55 mm | Verwendung: Zimmertür | Stulpform: Flachstulp rund/oval | Lochung: Badezelle (BAD/WC) | Anschlagrichtung: DIN R | Vierkant / Nuss: 8 mm + 8 mm | Stulplänge: 235 mm
0191fc3214a671a88d7e3b3c79c295c2	Zimmertür-Einsteckschloss BMH Nr. 1, BB gelocht, 55/8/72 mm, 18x235 mm Stulp rund, DIN links	BMH	Entfernung: 72 mm | Verwendung: Zimmertür | Stulpform: Flachstulp rund/oval | Lochung: Buntbart (BB) | Dornmaß: 55 mm | Vierkant / Nuss: 8 mm | Stulplänge: 235 mm | Stulpbreite: 18 mm | Anschlagrichtung: DIN L
0191fc3214aa711da693972b7a62a83c	Zimmertür-Einsteckschloss BMH Nr. 1, BB gelocht, 55/8/72 mm, 20x235 mm Stulp rund, DIN links	BMH	Entfernung: 72 mm | Verwendung: Zimmertür | Stulpform: Flachstulp rund/oval | Lochung: Buntbart (BB) | Dornmaß: 55 mm | Vierkant / Nuss: 8 mm | Stulplänge: 235 mm | Stulpbreite: 20 mm | Anschlagrichtung: DIN L
0191fc3214ae7398aab80698618da4a1	Zimmertür-Einsteckschloss BMH Nr. 1, BB gelocht, 55/8/72 mm, 20x235 mm Stulp rund, DIN rechts	BMH	Entfernung: 72 mm | Verwendung: Zimmertür | Stulpform: Flachstulp rund/oval | Lochung: Buntbart (BB) | Dornmaß: 55 mm | Vierkant / Nuss: 8 mm | Stulplänge: 235 mm | Stulpbreite: 20 mm | Anschlagrichtung: DIN R
0191fc32154b73b99568bbd591f7933a	Zimmertür-Einsteckschloss BMH Nr. 2, BAD/WC, 55/8+8/78 mm, 18x220 mm TGL Stulp, Anschlag links	BMH	Entfernung: 78 mm | Dornmaß: 55 mm | Verwendung: Zimmertür | Stulpform: Flachstulp rund/oval | Lochung: Badezelle (BAD/WC) | Anschlagrichtung: L | Vierkant / Nuss: 8 mm + 8 mm | Stulplänge: 220 mm | Stulpbreite: 18 mm
0191fc32154d701cb069bbf70e04ed27	Zimmertür-Einsteckschloss BMH Nr. 2, BAD/WC, 55/8+8/78 mm, 18x220 mm TGL Stulp, Anschlag rechts	BMH	Stulpbreite: 18 mm | Entfernung: 78 mm | Dornmaß: 55 mm | Verwendung: Zimmertür | Stulpform: Flachstulp rund/oval | Lochung: Badezelle (BAD/WC) | Anschlagrichtung: R | Vierkant / Nuss: 8 mm + 8 mm | Stulplänge: 220 mm
0191fc321497721e9f876f00402f8898	Zimmertür-Einsteckschloss BMH Nr. 2, BB gelocht, 55/8/72 mm, 18x220 mm TGL Stulp, links	BMH	Entfernung: 72 mm | Anschlagrichtung: L | Verwendung: Zimmertür | Stulpform: Flachstulp rund/oval | Dornmaß: 55 mm | Lochung: Buntbart (BB) | Vierkant / Nuss: 8mm | Stulplänge: 220 mm | Stulpbreite: 18 mm
0191fc32149e70d491c2d347003dda52	Zimmertür-Einsteckschloss BMH Nr. 2, BB gelocht, 55/8/72 mm, 18x220 mm TGL Stulp, rechts	BMH	Entfernung: 72 mm | Verwendung: Zimmertür | Stulpform: Flachstulp rund/oval | Lochung: Buntbart (BB) | Dornmaß: 55 mm | Vierkant / Nuss: 8 mm | Stulplänge: 220 mm | Stulpbreite: 18 mm | Anschlagrichtung: R
0191fc32153f73099e54d1912e12090d	Zimmertür-Einsteckschloss BMH Nr. 2, PZ gelocht, 55/8/72 mm, 18x220 mm TGL Stulp, Anschlag links	BMH	Stulpbreite: 18 mm | Anschlagrichtung: L | Entfernung: 72 mm | Verwendung: Zimmertür | Stulpform: Flachstulp rund/oval | Lochung: Profilzylinder (PZ) | Dornmaß: 55 mm | Vierkant / Nuss: 8 mm | Stulplänge: 220 mm
0191fc3215427210aaab5352601ff7ea	Zimmertür-Einsteckschloss BMH Nr. 2, PZ gelocht, 55/8/72 mm, 18x220 mm TGL Stulp, Anschlag rechts	BMH	Stulpbreite: 18 mm | Anschlagrichtung: R | Entfernung: 72 mm | Verwendung: Zimmertür | Stulpform: Flachstulp rund/oval | Lochung: Profilzylinder (PZ) | Dornmaß: 55 mm | Vierkant / Nuss: 8 mm | Stulplänge: 220 mm
0191fc3215337369945a147be418d235	Zimmertür-Einsteckschloss BMH Nr. 2, PZ gelocht, 55/8/72 mm, 18x235 mm Stulp, DIN links	BMH	Stulplänge: 235 mm | Stulpbreite: 18 mm | Anschlagrichtung: DIN L | Entfernung: 72 mm | Stulpform: Flachstulp rund/oval | Verwendung: Zimmertür | Lochung: Profilzylinder (PZ) | Dornmaß: 55 mm | Vierkant / Nuss: 8 mm
0191fc32153672e2a565387c65d4b6cc	Zimmertür-Einsteckschloss BMH Nr. 2, PZ gelocht, 55/8/72 mm, 18x235 mm Stulp, DIN rechts	BMH	Stulplänge: 235 mm | Stulpbreite: 18 mm | Anschlagrichtung: DIN R | Entfernung: 72 mm | Verwendung: Zimmertür | Stulpform: Flachstulp rund/oval | Lochung: Profilzylinder (PZ) | Dornmaß: 55 mm | Vierkant / Nuss: 8 mm
0191fc32153972be98c04e246a1c59f8	Zimmertür-Einsteckschloss BMH Nr. 2, PZ gelocht, 55/8/72 mm, 20x235 mm Stulp kantig, DIN links	BMH	Stulpbreite: 20 mm | Anschlagrichtung: DIN L | Entfernung: 72 mm | Verwendung: Zimmertür | Stulpform: Flachstulp kantig | Lochung: Profilzylinder (PZ) | Dornmaß: 55 mm | Vierkant / Nuss: 8 mm | Stulplänge: 235 mm
0191fc32153c721c8488782c54e4433e	Zimmertür-Einsteckschloss BMH Nr. 2, PZ gelocht, 55/8/72 mm, 20x235 mm Stulp kantig, DIN rechts	BMH	Stulplänge: 235 mm | Stulpbreite: 20 mm | Anschlagrichtung: DIN R | Entfernung: 72 mm | Verwendung: Zimmertür | Lochung: Profilzylinder (PZ) | Stulpform: Flachstulp kantig | Dornmaß: 55 mm | Vierkant / Nuss: 8 mm
0191fc3215287193993e4507dad020d7	Zimmertür-Einsteckschloss BMH Nr. 2, PZ gelocht, 55/8/72 mm, 20x235 mm Stulp rund, DIN links	BMH	Stulplänge: 235 mm | Stulpbreite: 20 mm | Anschlagrichtung: DIN R | Entfernung: 72 mm | Verwendung: Zimmertür | Stulpform: Flachstulp rund/oval | Lochung: Profilzylinder (PZ) | Dornmaß: 55 mm | Vierkant / Nuss: 8 mm
0191fc32152b73058344406694580724	Zimmertür-Einsteckschloss BMH Nr. 2, PZ gelocht, 55/8/72 mm, 20x235 mm Stulp rund, DIN rechts	BMH	Vierkant / Nuss: 8 mm | Stulplänge: 235 mm | Stulpbreite: 20 mm | Anschlagrichtung: DIN L | Entfernung: 72 mm | Verwendung: Zimmertür | Stulpform: Flachstulp rund/oval | Lochung: Profilzylinder (PZ) | Dornmaß: 55 mm
0191fc32152d7133b5660f315c78cf37	Zimmertür-Einsteckschloss BMH Nr. 2, PZ gelocht, 55/8/72 mm, 24x235 mm Stulp kantig, DIN links	BMH	Stulplänge: 235 mm | Stulpbreite: 24 mm | Anschlagrichtung: DIN L | Entfernung: 72 mm | Verwendung: Zimmertür | Stulpform: Flachstulp kantig | Lochung: Profilzylinder (PZ) | Dornmaß: 55 mm | Vierkant / Nuss: 8 mm
0191fc321530736db29ee7b43dcbca24	Zimmertür-Einsteckschloss BMH Nr. 2, PZ gelocht, 55/8/72 mm, 24x235 mm Stulp kantig, DIN rechts	BMH	Stulplänge: 235 mm | Stulpbreite: 24 mm | Anschlagrichtung: DIN R | Entfernung: 72 mm | Verwendung: Zimmertür | Stulpform: Flachstulp kantig | Lochung: Profilzylinder (PZ) | Dornmaß: 55 mm | Vierkant / Nuss: 8 mm
0191fc321452720bb754ed01954b901d	Zimmertürgarnitur Hoppe "Birmingham" 1117/202SP, 72 mm BB, Nuss 8 mm, Langschild, F1	Hoppe	Langschild / Rosette: Langschild | Entfernung: 72 mm | Vierkant / Nuss: 8 mm
0191fc32144871668ea80fdec5922a2b	Zimmertürgarnitur Hoppe "Birmingham" 1117/202SP, 72 mm BB, Nuss 8 mm, Langschild, F2	Hoppe	Lochung: Buntbart (BB) | Ausführung: Langschild | Typ: Drückergarnitur (Drücker/Drücker) | Farbe: Aluminium F2 Neusilber | Anschlagrichtung: DIN links / rechts | Vierkant / Nuss: 8 mm
0191fc321440708d9de6beb87ec804eb	Zimmertürgarnitur Hoppe "Birmingham" 1117/202SP, 72 mm PZ, Nuss 8 mm, Langschild, F1	Hoppe	Langschild / Rosette: Langschild | Entfernung: 72 mm | Vierkant / Nuss: 8 mm
0191fc32144c73078382d03debfce113	Zimmertürgarnitur Hoppe "Birmingham" 1117/202SP, 72 mm PZ, Nuss 8 mm, Langschild, F2	Hoppe	Entfernung: 72 mm | Vierkant / Nuss: 8 mm
0191fc32144571e1afd5c5a5a860722a	Zimmertürgarnitur Hoppe "Birmingham" 1117/202SP, 78 mm BAD/WC, Nuss 8 mm, Langschild, F1	Hoppe	Langschild / Rosette: Langschild | Entfernung: 78 mm | Vierkant / Nuss: 8 mm
0191fc32144f7009a4ba3a8e446d6148	Zimmertürgarnitur Hoppe "Birmingham" 1117/202SP, 78 mm BAD/WC, Nuss 8 mm, Langschild, F2	Hoppe	Langschild / Rosette: Langschild | Entfernung: 78 mm | Vierkant / Nuss: 8 mm
0191fc32146270fe9691714a090e2d59	Zimmertürgarnitur Hoppe "New York" 1810/273P, 72 mm BB, Nuss 8 mm, Langschild, F1	Hoppe	Vierkant / Nuss: 8 mm | Langschild / Rosette: Langschild | Entfernung: 72 mm
0191fc321465709bb7815d52fc709968	Zimmertürgarnitur Hoppe "New York" 1810/273P, 72 mm PZ, Nuss 8 mm, Langschild, F1	Hoppe	Vierkant / Nuss: 8 mm | Langschild / Rosette: Langschild | Entfernung: 72 mm
0191fc32145f71ba87538bae81b9be3e	Zimmertürgarnitur Hoppe "New York" 1810/273P, 78 mm BAD/WC, Nuss 8 mm, Langschild, F1	Hoppe	Langschild / Rosette: Langschild | Vierkant / Nuss: 8 mm
0191fc3214557199ac6d34627382696e	Zimmertürgarnitur Hoppe "Tokyo" 1710/273P, 72 mm BB, Nuss 8 mm, Langschild, F2	Hoppe	Vierkant / Nuss: 8 mm | Langschild / Rosette: Langschild | Entfernung: 72 mm
0191fc32145970a2a84f5a5b126d6665	Zimmertürgarnitur Hoppe "Tokyo" 1710/273P, 72 mm PZ, Nuss 8 mm, Langschild, F2	Hoppe	Entfernung: 72 mm | Vierkant / Nuss: 8 mm | Langschild / Rosette: Langschild
0191fc32145c72969af6c9f2ceea0fbf	Zimmertürgarnitur Hoppe "Tokyo" 1710/273P, 78 mm BAD/WC, Nuss 8 mm, Langschild, F2	Hoppe	Langschild / Rosette: Langschild | Entfernung: 78 mm | Vierkant / Nuss: 8 mm
0191fc32166373ef9a9083bf7969e460	Zylinderhebelschloss, FORT F42, für Spinde, inkl. 2 Schlüssel	Wilhelm Kessler	NULL
